number,timestamp
19373135,
19373639,
19374079,
19374579,
19374657,
19374881,
19375013,
19375969,
19376512,
19376514,
19376611,
19377021,
19377261,
19377436,
19377593,
19377764,
19377863,
19378062,
19378277,
19378827,
19379624,
19379984,
19380014,
19380215,
19380291,
19380496,
19380605,
19380693,
19380855,
19381026,
19381142,
19381545,
19382643,
19382718,
19382841,
19382858,
19383087,
19383528,
19384317,
19384573,
19384744,
19384764,
19384794,
19385702,
19386954,
19387635,
19387838,
19388292,
19388420,
19388464,
19388492,
19388698,
19389184,
19389254,
19389346,
19389427,
19389899,
19389952,
19389979,
19390139,
19390292,
19390467,
19390508,
19391310,
19391788,
19392172,
19392272,
19392956,
19393050,
19393195,
19394007,
19394240,
19394364,
19395487,
19395623,
19395753,
19395799,
19396303,
19396436,
19397124,
19397199,
19397207,
19397301,
19398802,
19398880,
19399031,
19399909,
19401169,
19401494,
19401615,
19401660,
19402027,
19402079,
19402297,
19402890,
19403676,
19404093,
19404498,
19404684,
19405023,
19405615,
19406108,
19406173,
19406449,
19406527,
19407296,
19407769,
19407890,
19408193,
19408536,
19408635,
19408815,
19409450,
19409618,
19409993,
19410005,
19410079,
19410719,
19410727,
19410798,
19411599,
19412534,
19412703,
19412711,
19412719,
19412835,
19412916,
19413029,
19413120,
19413217,
19413561,
19413801,
19413879,
19414350,
19415001,
19415340,
19415898,
19416163,
19417359,
19417488,
19418495,
19419583,
19420595,
19420843,
19421013,
19421055,
19421783,
19421816,
19421903,
19422176,
19422551,
19422666,
19423660,
19423875,
19424340,
19424949,
19425021,
19425041,
19425215,
19425344,
19425380,
19425393,
19425662,
19426305,
19426417,
19426429,
19427106,
19427660,
19427739,
19428726,
19429254,
19429622,
19430110,
19430394,
19430491,
19431148,
19431297,
19431788,
19432464,
19432472,
19432981,
19433054,
19433562,
19433678,
19434399,
19434510,
19434747,
19435157,
19435490,
19436361,
19436515,
19437512,
19438495,
19438627,
19439370,
19440216,
19440558,
19440925,
19440938,
19441212,
19441480,
19441500,
19441760,
19442027,
19442307,
19442646,
19442724,
19443140,
19443193,
19443260,
19443526,
19443790,
19444965,
19445250,
19445343,
19446683,
19447089,
19448109,
19448355,
19448634,
19449099,
19449298,
19449338,
19449586,
19450155,
19450297,
19450663,
19452508,
19452759,
19452762,
19452888,
19452961,
19453481,
19453677,
19453944,
19454173,
19454515,
19454967,
19455073,
19455107,
19455407,
19455532,
19455617,
19456670,
19456742,
19456827,
19457136,
19457437,
19457691,
19457781,
19457883,
19458064,
19458669,
19458861,
19459802,
19460271,
19460360,
19460825,
19461061,
19461270,
19461916,
19463784,
19463944,
19464250,
19464334,
19464374,
19464610,
19464723,
19464758,
19464882,
19464923,
19465474,
19465909,
19466173,
19466769,
19466986,
19467144,
19467411,
19469314,
19469814,
19470998,
19471053,
19471070,
19471950,
19472139,
19472499,
19472767,
19473050,
19473288,
19474101,
19474243,
19474317,
19474358,
19474459,
19474512,
19474910,
19475252,
19475415,
19475798,
19476579,
19476637,
19476852,
19477107,
19477220,
19477806,
19478265,
19478292,
19478360,
19478475,
19478514,
19478761,
19478806,
19479416,
19479544,
19479857,
19479984,
19480076,
19480116,
19480245,
19480369,
19480575,
19480667,
19480723,
19481798,
19481926,
19482332,
19482585,
19482609,
19482663,
19482669,
19482789,
19482822,
19482831,
19483203,
19483776,
19484121,
19484370,
19484438,
19484616,
19484679,
19485052,
19485309,
19486632,
19487767,
19488404,
19488408,
19488795,
19489658,
19490085,
19490233,
19490801,
19491109,
19491202,
19491351,
19491525,
19491981,
19492104,
19492213,
19492646,
19492718,
19493073,
19493316,
19494141,
19494836,
19495072,
19496295,
19496403,
19496639,
19496803,
19496888,
19497036,
19497197,
19497368,
19497516,
19497675,
19497723,
19497726,
19497775,
19497999,
19498131,
19498202,
19498251,
19498507,
19498549,
19498739,
19498940,
19499508,
19499517,
19499534,
19499648,
19499762,
19499929,
19499961,
19499989,
19500036,
19500147,
19500216,
19500536,
19500984,
19501168,
19501201,
19501326,
19501447,
19501482,
19501498,
19501704,
19502318,
19502548,
19502904,
19503140,
19503211,
19503576,
19503778,
19503982,
19504296,
19504526,
19504572,
19505085,
19505127,
19505421,
19505604,
19505682,
19505885,
19505905,
19506037,
19506181,
19506258,
19506402,
19506826,
19506877,
19506963,
19507001,
19507141,
19507357,
19507488,
19507912,
19507996,
19508007,
19508043,
19508155,
19508280,
19508341,
19508343,
19508348,
19508395,
19508472,
19508608,
19508628,
19508697,
19508764,
19508859,
19508868,
19509085,
19509141,
19509177,
19509217,
19509425,
19509445,
19509473,
19509676,
19509703,
19509796,
19509903,
19509933,
19510073,
19510205,
19510249,
19510442,
19510714,
19510867,
19510902,
19511007,
19511191,
19511642,
19511784,
19511964,
19512018,
19512277,
19512848,
19513088,
19513328,
19513405,
19513601,
19513645,
19513757,
19514103,
19514196,
19514423,
19514598,
19514621,
19514637,
19515433,
19515754,
19515799,
19516072,
19516508,
19516524,
19516663,
19516803,
19516945,
19517188,
19517452,
19517468,
19517769,
19517899,
19517925,
19518356,
19519128,
19519992,
19520226,
19520496,
19520640,
19521235,
19521295,
19521308,
19521443,
19522227,
19522272,
19522392,
19522588,
19523357,
19523370,
19523817,
19524465,
19524847,
19524895,
19524987,
19524990,
19525055,
19525075,
19525171,
19525266,
19525402,
19525686,
19526002,
19526189,
19526476,
19526996,
19527154,
19527185,
19527601,
19527648,
19527990,
19528014,
19528052,
19528111,
19528595,
19528770,
19528809,
19528854,
19529034,
19529046,
19529310,
19529584,
19529667,
19529792,
19530031,
19530140,
19530408,
19530502,
19530674,
19530782,
19530794,
19531129,
19531142,
19531170,
19531295,
19531359,
19531455,
19531489,
19531532,
19531615,
19531676,
19531772,
19531882,
19531990,
19532579,
19532640,
19532727,
19533072,
19533531,
19533756,
19533867,
19534510,
19534629,
19534835,
19534899,
19535159,
19535252,
19535482,
19535491,
19535683,
19535774,
19535841,
19536287,
19536862,
19537963,
19538619,
19538659,
19538679,
19538755,
19539248,
19539626,
19540276,
19540911,
19541052,
19542066,
19542364,
19542746,
19542942,
19543130,
19543435,
19543706,
19543916,
19544014,
19544240,
19544382,
19544549,
19544814,
19544984,
19545359,
19545756,
19546402,
19547217,
19547228,
19547921,
19548039,
19548414,
19548480,
19548519,
19548561,
19548576,
19548691,
19549071,
19549260,
19549313,
19549404,
19549501,
19549763,
19550696,
19551703,
19551842,
19552219,
19552351,
19552455,
19552542,
19552820,
19552957,
19552963,
19553232,
19553439,
19553549,
19553725,
19553878,
19554116,
19554146,
19554735,
19554998,
19555273,
19555490,
19555662,
19555776,
19556036,
19556071,
19556709,
19556798,
19556954,
19557101,
19557198,
19557381,
19557451,
19557696,
19557905,
19557956,
19558331,
19558798,
19558886,
19558910,
19558957,
19559106,
19559327,
19559350,
19559382,
19559971,
19560003,
19560063,
19560622,
19561345,
19561463,
19561579,
19562037,
19562882,
19563267,
19563319,
19563566,
19563684,
19563687,
19563726,
19563875,
19563902,
19564198,
19564273,
19564476,
19564781,
19566005,
19566029,
19566138,
19566162,
19566759,
19566927,
19567043,
19567196,
19567268,
19567688,
19568103,
19568272,
19568455,
19568599,
19569131,
19569133,
19569591,
19569656,
19569657,
19570480,
19570990,
19571106,
19571239,
19571300,
19571400,
19571581,
19572319,
19572846,
19573246,
19573409,
19573446,
19573903,
19574037,
19575547,
19575797,
19576097,
19576134,
19576227,
19576284,
19576370,
19576673,
19576707,
19576728,
19576753,
19576955,
19577204,
19577658,
19577818,
19578021,
19578460,
19578975,
19578998,
19579239,
19579267,
19579505,
19580451,
19580771,
19581233,
19581345,
19581966,
19582459,
19582718,
19582778,
19583358,
19583480,
19583491,
19584225,
19584441,
19584600,
19584900,
19585634,
19585981,
19586375,
19586714,
19586791,
19586913,
19586994,
19587323,
19587637,
19587655,
19588098,
19588896,
19589220,
19589329,
19589346,
19589446,
19589726,
19590090,
19590251,
19590258,
19590308,
19590452,
19590629,
19590669,
19590961,
19590990,
19591032,
19591201,
19591310,
19591376,
19591547,
19591807,
19592334,
19592344,
19592595,
19592670,
19592749,
19592825,
19593081,
19593267,
19593514,
19593916,
19594034,
19594207,
19594417,
19594544,
19594692,
19594983,
19595381,
19595583,
19595700,
19595718,
19595869,
19595948,
19596078,
19596146,
19596210,
19596230,
19596343,
19596664,
19597037,
19597041,
19597108,
19597148,
19597277,
19597682,
19597759,
19598095,
19598291,
19598738,
19598847,
19599713,
19600094,
19600257,
19600315,
19600633,
19600641,
19600863,
19600872,
19601237,
19601987,
19602551,
19602808,
19603068,
19603086,
19603417,
19604231,
19604730,
19604931,
19605071,
19605287,
19605330,
19605829,
19606560,
19607362,
19608108,
19608272,
19608669,
19608719,
19609209,
19609632,
19609963,
19610053,
19610158,
19610355,
19610699,
19611837,
19612037,
19612079,
19612937,
19614671,
19615509,
19615553,
19616497,
19616593,
19617287,
19617854,
19617950,
19618243,
19618989,
19619033,
19619043,
19619107,
19619169,
19619483,
19619585,
19619678,
19619775,
19620417,
19620447,
19620838,
19621744,
19621794,
19622105,
19622196,
19622403,
19622469,
19622670,
19622961,
19623127,
19623506,
19623551,
19623674,
19623695,
19623717,
19623743,
19623920,
19624111,
19624119,
19624355,
19624561,
19624654,
19624798,
19624914,
19624962,
19625307,
19625394,
19625674,
19625763,
19626283,
19626338,
19626368,
19626511,
19626714,
19626828,
19627000,
19627686,
19627690,
19627694,
19627716,
19628774,
19628889,
19628904,
19629017,
19629092,
19629720,
19629885,
19630208,
19630550,
19631325,
19632159,
19632637,
19634304,
19634341,
19634997,
19635039,
19636393,
19636506,
19636699,
19637802,
19638285,
19638447,
19638457,
19638582,
19638871,
19638944,
19639040,
19639257,
19639437,
19639509,
19639701,
19639877,
19639881,
19640314,
19640421,
19640631,
19640918,
19640955,
19641271,
19641834,
19642247,
19642763,
19643187,
19643885,
19643982,
19644086,
19644144,
19644576,
19645420,
19645489,
19645969,
19646325,
19646449,
19646690,
19647744,
19647783,
19647932,
19649048,
19649080,
19649175,
19649457,
19649598,
19649646,
19649978,
19650251,
19650762,
19650817,
19651017,
19651071,
19651181,
19651296,
19651327,
19651559,
19651804,
19651829,
19651861,
19651931,
19652428,
19652493,
19652538,
19652554,
19652674,
19652897,
19653324,
19653757,
19653955,
19654246,
19654268,
19654856,
19654964,
19656104,
19656483,
19656884,
19656974,
19657492,
19657758,
19658028,
19659573,
19660011,
19660032,
19660052,
19660769,
19661016,
19661027,
19661096,
19661334,
19661852,
19662135,
19662249,
19662532,
19662593,
19662655,
19662795,
19663675,
19663787,
19664240,
19664717,
19664733,
19665521,
19665607,
19666160,
19666722,
19667182,
19667395,
19667615,
19668132,
19668691,
19668909,
19669053,
19669164,
19669990,
19670109,
19671377,
19671447,
19672131,
19672784,
19673067,
19673405,
19673727,
19674302,
19674741,
19675157,
19675237,
19675357,
19675460,
19675600,
19675815,
19676233,
19676706,
19677371,
19678955,
19679155,
19679354,
19679410,
19679598,
19679779,
19680749,
19680835,
19681070,
19681089,
19681235,
19681276,
19681545,
19681578,
19681796,
19682286,
19682395,
19682503,
19682726,
19682946,
19683096,
19683457,
19684348,
19684440,
19684551,
19684772,
19685108,
19685389,
19685406,
19686083,
19686388,
19686567,
19686678,
19686782,
19686793,
19686874,
19687305,
19687438,
19687442,
19687821,
19687886,
19688005,
19688237,
19688576,
19688594,
19688596,
19688628,
19688667,
19688698,
19688971,
19689013,
19689056,
19689393,
19689476,
19689570,
19689727,
19689955,
19690562,
19690900,
19691907,
19692159,
19692617,
19692695,
19692770,
19693145,
19693210,
19693315,
19693646,
19693686,
19693759,
19694664,
19695192,
19695700,
19695967,
19696223,
19697198,
19697324,
19698944,
19699026,
19699086,
19699263,
19699307,
19699355,
19699467,
19700391,
19700810,
19701090,
19701783,
19701826,
19702069,
19702485,
19702971,
19702990,
19704273,
19704451,
19704488,
19705472,
19705583,
19705725,
19705886,
19705941,
19706002,
19706191,
19706556,
19706572,
19706805,
19707004,
19707624,
19707747,
19707775,
19707925,
19707935,
19708143,
19708170,
19708497,
19708798,
19708881,
19709018,
19709145,
19709157,
19709562,
19709864,
19710020,
19710180,
19710310,
19710576,
19710615,
19710792,
19711068,
19711790,
19711931,
19712178,
19712299,
19712925,
19713136,
19713194,
19713378,
19713625,
19713715,
19713762,
19714060,
19714123,
19714205,
19714435,
19715053,
19715208,
19715398,
19715634,
19715643,
19715678,
19716047,
19716053,
19716141,
19716550,
19716721,
19716791,
19717341,
19718118,
19718504,
19719112,
19719450,
19720069,
19720368,
19721200,
19721379,
19721545,
19721585,
19721689,
19722209,
19722249,
19722330,
19722375,
19722619,
19722696,
19723484,
19723724,
19723917,
19724099,
19724295,
19724375,
19724395,
19724487,
19725077,
19725137,
19725308,
19725806,
19726094,
19726782,
19727054,
19727232,
19728379,
19728643,
19728660,
19729039,
19729687,
19730102,
19730349,
19730611,
19730829,
19730931,
19731400,
19731631,
19732068,
19732548,
19732579,
19732688,
19732771,
19732778,
19732794,
19732827,
19732967,
19733006,
19733510,
19734022,
19734199,
19734245,
19734392,
19734516,
19734524,
19734598,
19734667,
19734737,
19735249,
19735677,
19735765,
19735789,
19736167,
19736210,
19736843,
19737294,
19737363,
19737831,
19738069,
19738106,
19738584,
19738617,
19738657,
19738713,
19738854,
19739640,
19739738,
19739816,
19739945,
19741033,
19742085,
19742091,
19742547,
19743095,
19743313,
19743422,
19743591,
19743593,
19744230,
19744328,
19744506,
19744567,
19745166,
19745404,
19745674,
19745733,
19745764,
19745793,
19745810,
19746028,
19746095,
19747293,
19747668,
19748004,
19748092,
19748600,
19748749,
19748772,
19749001,
19749345,
19749369,
19749649,
19749714,
19749828,
19750090,
19750155,
19750208,
19750242,
19750312,
19750384,
19750418,
19750451,
19750489,
19750851,
19751709,
19751995,
19751999,
19752053,
19752642,
19752649,
19752780,
19753456,
19753490,
19754149,
19754223,
19754255,
19754693,
19755051,
19755339,
19755540,
19755596,
19756554,
19756617,
19756715,
19757107,
19757352,
19758011,
19758181,
19759099,
19759633,
19759724,
19759979,
19760072,
19760546,
19760598,
19760636,
19760714,
19760978,
19760987,
19761366,
19761495,
19761792,
19762109,
19762122,
19762479,
19762797,
19763151,
19763153,
19763183,
19763384,
19763400,
19763806,
19763977,
19764283,
19764525,
19764540,
19764762,
19765075,
19765082,
19765592,
19765830,
19766380,
19767345,
19767398,
19767439,
19767699,
19768053,
19768976,
19769354,
19769654,
19769721,
19769772,
19770257,
19770303,
19771081,
19771392,
19771539,
19771891,
19772056,
19772231,
19772377,
19772422,
19772427,
19772432,
19772542,
19772568,
19772732,
19772822,
19773253,
19773378,
19773657,
19773937,
19774520,
19774758,
19775211,
19775307,
19775332,
19775954,
19775984,
19776209,
19776398,
19776678,
19776789,
19776996,
19777065,
19777222,
19777892,
19778102,
19778927,
19778940,
19779307,
19779309,
19780133,
19780428,
19780555,
19782073,
19782075,
19783419,
19784361,
19785059,
19785690,
19785755,
19786382,
19786517,
19787224,
19787249,
19787744,
19788151,
19788224,
19788242,
19788741,
19788871,
19789365,
19789872,
19790292,
19790681,
19790751,
19790978,
19791199,
19791417,
19791795,
19791893,
19792241,
19792355,
19792473,
19792497,
19792602,
19792815,
19792846,
19793163,
19793326,
19793559,
19793662,
19793836,
19793893,
19794045,
19794237,
19794597,
19794631,
19795105,
19795760,
19796075,
19796423,
19796526,
19796644,
19797173,
19797397,
19797508,
19797699,
19797831,
19798290,
19798582,
19798776,
19798871,
19799523,
19799788,
19799797,
19799895,
19800150,
19800432,
19800521,
19800908,
19801058,
19801263,
19801305,
19801430,
19801794,
19802150,
19802342,
19802622,
19802640,
19802705,
19803294,
19803366,
19804159,
19804739,
19804755,
19804774,
19805198,
19805224,
19805288,
19806205,
19806405,
19806577,
19806823,
19807188,
19807253,
19807286,
19807326,
19807348,
19807791,
19808509,
19809017,
19809823,
19810246,
19810625,
19811945,
19812212,
19812327,
19812723,
19813358,
19813411,
19813482,
19813610,
19813613,
19813707,
19813786,
19813941,
19814055,
19814648,
19815486,
19815815,
19815819,
19815942,
19816008,
19816160,
19816915,
19817600,
19817959,
19818748,
19818893,
19819100,
19819434,
19819704,
19820013,
19820252,
19820301,
19820587,
19820603,
19820615,
19821026,
19821087,
19821276,
19821292,
19821367,
19821643,
19821665,
19822137,
19822575,
19822624,
19822656,
19822860,
19822940,
19823090,
19823933,
19824512,
19824949,
19825382,
19825551,
19825870,
19825883,
19826089,
19826261,
19826896,
19826901,
19826916,
19826958,
19827163,
19827497,
19827821,
19828032,
19828099,
19828368,
19828760,
19828926,
19829306,
19829556,
19829613,
19829682,
19829742,
19829791,
19830058,
19830170,
19830483,
19830719,
19831011,
19831082,
19831125,
19831175,
19831334,
19831490,
19831603,
19831757,
19832034,
19832261,
19832381,
19832616,
19832742,
19833798,
19833858,
19833867,
19833944,
19834173,
19834407,
19834457,
19834682,
19834858,
19835013,
19835267,
19835293,
19835418,
19835445,
19835656,
19835665,
19836856,
19837112,
19837207,
19837300,
19837869,
19839194,
19839745,
19840033,
19840212,
19840524,
19840973,
19841000,
19841118,
19841260,
19841300,
19841439,
19841655,
19841839,
19841879,
19842405,
19843637,
19843839,
19843934,
19843998,
19844606,
19845263,
19846122,
19846219,
19846230,
19846419,
19846536,
19846746,
19846776,
19846830,
19846898,
19846979,
19847023,
19847079,
19847268,
19847319,
19848009,
19848169,
19848251,
19848577,
19848762,
19848874,
19848986,
19849166,
19849346,
19849632,
19849723,
19849852,
19850055,
19850165,
19850289,
19850366,
19850478,
19850579,
19850585,
19850749,
19850832,
19850933,
19851238,
19852067,
19852422,
19852998,
19853341,
19853853,
19854414,
19854822,
19854973,
19856323,
19856685,
19856937,
19857037,
19857645,
19857685,
19857737,
19858303,
19858399,
19858527,
19858783,
19859271,
19859832,
19859834,
19860245,
19860378,
19860852,
19861544,
19862159,
19862198,
19862231,
19862729,
19862937,
19863572,
19863652,
19863745,
19863765,
19863810,
19864713,
19864890,
19865080,
19865276,
19865842,
19866763,
19866909,
19867265,
19867346,
19867363,
19867596,
19867746,
19867835,
19868232,
19868273,
19868335,
19869080,
19869218,
19869250,
19869659,
19870490,
19870835,
19871620,
19872027,
19872502,
19873235,
19873305,
19874047,
19874247,
19874762,
19875309,
19875326,
19875573,
19875609,
19876395,
19876548,
19876894,
19876941,
19877179,
19877258,
19877272,
19877306,
19877574,
19877905,
19877931,
19877978,
19878229,
19878235,
19878275,
19878415,
19878809,
19878893,
19879557,
19879980,
19880033,
19881419,
19882032,
19882499,
19882542,
19882925,
19883278,
19883550,
19883609,
19883777,
19884776,
19885034,
19886415,
19886423,
19886607,
19886760,
19886850,
19887200,
19887648,
19888075,
19888583,
19888729,
19888966,
19888974,
19889891,
19891151,
19891246,
19891538,
19891558,
19892088,
19892418,
19892604,
19892671,
19892896,
19892976,
19892989,
19893008,
19893098,
19893431,
19893791,
19893855,
19894054,
19894363,
19894778,
19895294,
19895722,
19895793,
19896235,
19896454,
19896821,
19897229,
19897404,
19897660,
19897767,
19897900,
19898570,
19899257,
19899333,
19899643,
19900308,
19900874,
19901156,
19901455,
19901555,
19901674,
19902205,
19902382,
19902469,
19902631,
19903068,
19903195,
19903997,
19904689,
19904694,
19904834,
19905189,
19905285,
19905629,
19906269,
19906649,
19906668,
19906908,
19907207,
19907254,
19907306,
19907344,
19907439,
19907653,
19907953,
19908066,
19909023,
19909030,
19909326,
19909380,
19909559,
19909795,
19909842,
19909853,
19909869,
19909886,
19910247,
19910471,
19910664,
19910680,
19910926,
19911093,
19911143,
19911461,
19911815,
19912014,
19912154,
19912384,
19912466,
19912851,
19913152,
19913220,
19913336,
19914769,
19914799,
19915442,
19915483,
19915979,
19916804,
19917425,
19918033,
19918209,
19918846,
19918917,
19919187,
19919675,
19919858,
19920443,
19921014,
19921244,
19922490,
19923445,
19923916,
19924446,
19924517,
19924958,
19924964,
19925218,
19925278,
19926202,
19926258,
19926300,
19926370,
19926398,
19926458,
19926702,
19927028,
19927808,
19927977,
19927990,
19927997,
19928172,
19928486,
19928496,
19928540,
19929038,
19929159,
19929599,
19929712,
19929970,
19930761,
19931121,
19932006,
19932313,
19932788,
19932941,
19933105,
19933493,
19933921,
19934048,
19934400,
19934450,
19934482,
19935084,
19935613,
19935986,
19936017,
19936085,
19936361,
19936379,
19936528,
19936572,
19937011,
19937489,
19937611,
19937753,
19937998,
19938172,
19938375,
19938497,
19938798,
19940405,
19940645,
19940721,
19940793,
19940826,
19940977,
19941225,
19941564,
19941674,
19941728,
19941792,
19942467,
19942601,
19943931,
19943997,
19944127,
19944435,
19944486,
19944619,
19945176,
19945706,
19945765,
19945766,
19946394,
19946411,
19946731,
19946847,
19947173,
19948257,
19948397,
19948428,
19948524,
19948611,
19948661,
19948753,
19949024,
19949124,
19949344,
19949932,
19950259,
19950513,
19951148,
19951357,
19951525,
19952503,
19952691,
19952767,
19953123,
19953230,
19953377,
19953582,
19953746,
19954154,
19954254,
19954258,
19954371,
19954721,
19955378,
19955548,
19955679,
19955769,
19955841,
19956920,
19957858,
19958832,
19958870,
19958915,
19959135,
19960266,
19960325,
19960395,
19960609,
19960640,
19960825,
19960916,
19961149,
19961246,
19961511,
19961538,
19961767,
19962148,
19962155,
19962525,
19962777,
19963398,
19963515,
19963779,
19964121,
19964234,
19964339,
19964583,
19964925,
19965328,
19965536,
19965597,
19965781,
19965855,
19965915,
19966405,
19966462,
19966800,
19967011,
19967321,
19967486,
19967644,
19967806,
19968359,
19968408,
19968689,
19969165,
19969337,
19969377,
19969628,
19970254,
19970333,
19970764,
19970768,
19970867,
19970873,
19970973,
19971043,
19971089,
19971113,
19971225,
19971231,
19971352,
19971380,
19972026,
19972435,
19972585,
19973005,
19973389,
19973587,
19973835,
19973988,
19974509,
19975105,
19975441,
19975591,
19975836,
19975916,
19976558,
19976946,
19977317,
19977714,
19977840,
19978372,
19978396,
19979172,
19979406,
19981346,
19981365,
19982107,
19982193,
19982332,
19982671,
19982970,
19983284,
19983288,
19983353,
19983416,
19984021,
19984212,
19985171,
19985366,
19985463,
19985523,
19985802,
19986677,
19986693,
19986744,
19986765,
19986919,
19987076,
19987325,
19987792,
19987964,
19988168,
19988375,
19988459,
19988663,
19988829,
19989621,
19989723,
19989762,
19989823,
19990019,
19990112,
19990264,
19991056,
19991785,
19992256,
19992761,
19992810,
19993067,
19993389,
19993633,
19993724,
19993894,
19993942,
19994231,
19994716,
19995076,
19995259,
19995635,
19995732,
19995789,
19996473,
19996727,
19996737,
19996765,
19996861,
19996927,
19997047,
19997271,
19997429,
19997473,
19997483,
19997965,
19998022,
19998284,
19998723,
19999417,
19999610,
20000080,
20000653,
20000703,
20000946,
20001470,
20002760,
20003336,
20004246,
20004798,
20004860,
20005046,
20005777,
20006199,
20006229,
20006390,
20006472,
20007041,
20007134,
20007749,
20008103,
20008183,
20009149,
20009599,
20010707,
20010729,
20011325,
20011791,
20012487,
20013008,
20013315,
20013381,
20014052,
20014122,
20014354,
20014667,
20015620,
20015964,
20016751,
20016861,
20018319,
20019413,
20019764,
20019896,
20020227,
20020800,
20021100,
20021283,
20021675,
20021867,
20022120,
20022148,
20022332,
20022400,
20023689,
20024154,
20024626,
20025108,
20025733,
20026184,
20026728,
20027202,
20027465,
20027733,
20027796,
20028006,
20028044,
20028267,
20028364,
20028487,
20028735,
20028855,
20028873,
20029130,
20030811,
20030871,
20031270,
20031344,
20031541,
20031970,
20032203,
20032212,
20033204,
20034112,
20034172,
20035376,
20035823,
20036185,
20036630,
20036874,
20037041,
20037916,
20038215,
20038425,
20038472,
20038528,
20038652,
20038839,
20039242,
20039445,
20039784,
20040653,
20041711,
20042837,
20043075,
20043543,
20043644,
20043738,
20043953,
20044122,
20044308,
20044423,
20044635,
20044879,
20045231,
20045702,
20045839,
20046159,
20046765,
20047036,
20047225,
20047512,
20047609,
20047806,
20048131,
20049144,
20049519,
20050444,
20050507,
20050787,
20051046,
20051570,
20052128,
20053374,
20053523,
20053635,
20053962,
20054335,
20054505,
20054853,
20055110,
20055176,
20055343,
20055424,
20055946,
20056042,
20056402,
20056849,
20057570,
20059119,
20059144,
20059443,
20059573,
20060439,
20060508,
20060848,
20061009,
20061017,
20061872,
20062056,
20062459,
20062574,
20063358,
20063443,
20064705,
20065882,
20066493,
20066564,
20068125,
20069000,
20069031,
20069342,
20069458,
20069871,
20069931,
20071400,
20071719,
20073054,
20073927,
20075366,
20075825,
20076450,
20078055,
20078253,
20079195,
20080526,
20080751,
20081009,
20081486,
20081591,
20081647,
20082288,
20082862,
20083158,
20083240,
20083340,
20083780,
20083883,
20083995,
20084974,
20085856,
20086070,
20086196,
20086479,
20087283,
20087430,
20087868,
20087962,
20089066,
20089375,
20089815,
20091247,
20091366,
20091546,
20091950,
20092477,
20092795,
20093280,
20093833,
20094056,
20094429,
20094437,
20094509,
20094726,
20095292,
20095705,
20095758,
20097125,
20097374,
20098526,
20099154,
20099155,
20099684,
20099716,
20099725,
20100456,
20100579,
20102115,
20102237,
20102249,
20102854,
20103105,
20103117,
20103380,
20103397,
20103521,
20103642,
20103727,
20103746,
20103748,
20104109,
20104424,
20104585,
20104755,
20105125,
20105268,
20105991,
20106381,
20106741,
20107072,
20107227,
20107763,
20108089,
20108347,
20108463,
20108547,
20108699,
20109017,
20109149,
20109375,
20109520,
20109741,
20110047,
20110640,
20110712,
20110799,
20110854,
20110876,
20110949,
20111013,
20111248,
20111567,
20112324,
20112336,
20112925,
20113346,
20115075,
20115336,
20115575,
20115637,
20115756,
20115956,
20116601,
20116860,
20117287,
20117360,
20117528,
20117556,
20117623,
20117904,
20118832,
20119027,
20119383,
20119516,
20119765,
20119953,
20120185,
20121175,
20121566,
20121816,
20121907,
20122422,
20122752,
20123098,
20123134,
20123170,
20123175,
20123469,
20123548,
20123565,
20123986,
20124055,
20125477,
20126380,
20127260,
20127691,
20128047,
20128280,
20128616,
20128664,
20128748,
20129089,
20129195,
20129502,
20130078,
20130249,
20130271,
20130311,
20130446,
20130669,
20130751,
20130831,
20130867,
20131262,
20131364,
20131491,
20131498,
20131539,
20131869,
20132349,
20132666,
20132986,
20133456,
20133577,
20134545,
20134581,
20135038,
20135054,
20135360,
20135391,
20135727,
20135899,
20136075,
20136129,
20136164,
20136415,
20136775,
20136906,
20137237,
20137467,
20137970,
20138052,
20138076,
20138093,
20138126,
20138478,
20138635,
20138728,
20138976,
20139064,
20139170,
20139380,
20139664,
20140032,
20140163,
20140575,
20140788,
20140935,
20141287,
20141291,
20141501,
20142118,
20142158,
20142386,
20142501,
20142507,
20142554,
20143025,
20143361,
20143679,
20143725,
20143961,
20144054,
20144163,
20144314,
20144492,
20144825,
20144850,
20144904,
20145149,
20145279,
20145307,
20145387,
20145457,
20145590,
20145695,
20145771,
20146083,
20146172,
20146491,
20146523,
20146668,
20147147,
20147584,
20147906,
20148342,
20148624,
20148944,
20149256,
20149615,
20149689,
20150706,
20151014,
20151433,
20151624,
20151653,
20152160,
20152791,
20152962,
20153593,
20153600,
20153616,
20154182,
20154404,
20154711,
20154800,
20154923,
20154981,
20155047,
20155081,
20155290,
20155449,
20155634,
20155688,
20155838,
20156042,
20156287,
20156642,
20156666,
20156793,
20156913,
20156954,
20156973,
20156991,
20157087,
20157273,
20157375,
20157436,
20157496,
20157541,
20157577,
20158128,
20158176,
20158209,
20158293,
20158350,
20158442,
20158669,
20158819,
20159067,
20159143,
20159152,
20159208,
20159220,
20159500,
20159609,
20160346,
20160486,
20160988,
20161243,
20161455,
20161876,
20161910,
20162084,
20162199,
20162484,
20162543,
20162670,
20162768,
20162783,
20163074,
20163359,
20163544,
20163643,
20163885,
20164578,
20164653,
20164867,
20165004,
20165023,
20165103,
20165215,
20166201,
20166216,
20166280,
20166503,
20166527,
20167003,
20167132,
20167409,
20167440,
20167839,
20168113,
20168675,
20168990,
20169066,
20169586,
20169805,
20169851,
20169873,
20170186,
20170640,
20170887,
20170941,
20171028,
20171563,
20171728,
20172282,
20172402,
20172881,
20173196,
20174467,
20174727,
20174754,
20174854,
20174906,
20174959,
20174961,
20174994,
20175087,
20175105,
20175108,
20175217,
20175221,
20175271,
20175609,
20175966,
20176496,
20177478,
20177882,
20177888,
20178997,
20179004,
20179470,
20179746,
20180074,
20180709,
20180731,
20180827,
20181767,
20182150,
20182724,
20182905,
20183198,
20183257,
20183287,
20183384,
20183397,
20183441,
20183530,
20184489,
20184619,
20184679,
20184785,
20185042,
20185211,
20186339,
20186933,
20187466,
20187889,
20188530,
20188747,
20188999,
20189106,
20189136,
20189160,
20189246,
20189456,
20189756,
20189976,
20190167,
20190439,
20190495,
20190837,
20191521,
20191877,
20192170,
20192185,
20192253,
20192464,
20192637,
20192847,
20192867,
20193423,
20193490,
20193497,
20193623,
20194050,
20194273,
20194420,
20194538,
20194633,
20194652,
20195024,
20195275,
20195655,
20195751,
20196174,
20196190,
20196298,
20196305,
20196350,
20196404,
20196507,
20196867,
20196907,
20197050,
20197143,
20197335,
20197386,
20197577,
20198548,
20198623,
20199057,
20199081,
20199370,
20199844,
20200141,
20200525,
20201080,
20201091,
20201235,
20201671,
20201828,
20201864,
20201904,
20201907,
20202537,
20203417,
20205497,
20205692,
20205728,
20205759,
20206229,
20206259,
20206419,
20206973,
20207233,
20207440,
20208094,
20208431,
20208924,
20209224,
20209320,
20209416,
20209586,
20209865,
20209951,
20209989,
20210150,
20210401,
20210598,
20210793,
20211697,
20211766,
20211927,
20211938,
20212777,
20213160,
20213175,
20213232,
20213247,
20213516,
20213682,
20213691,
20213745,
20213917,
20213937,
20214189,
20214632,
20214646,
20214751,
20215050,
20215200,
20215221,
20216797,
20217062,
20217438,
20217533,
20217553,
20217718,
20218101,
20218146,
20218189,
20218365,
20218406,
20218509,
20218671,
20218771,
20219678,
20219690,
20219723,
20219775,
20219777,
20220267,
20220388,
20220680,
20220920,
20220975,
20221223,
20221447,
20221508,
20221546,
20221550,
20222004,
20222180,
20222219,
20222241,
20222279,
20222283,
20222325,
20222685,
20223765,
20224093,
20224166,
20224763,
20225090,
20225851,
20226272,
20226508,
20226730,
20226757,
20226810,
20226849,
20227193,
20227828,
20227863,
20227927,
20228076,
20228177,
20228888,
20228905,
20229607,
20229764,
20230088,
20230124,
20230198,
20231074,
20231711,
20232114,
20232171,
20233262,
20233373,
20233818,
20233839,
20233971,
20234964,
20234996,
20235062,
20235319,
20235509,
20235551,
20236142,
20236152,
20236277,
20236365,
20236429,
20236560,
20236597,
20236785,
20236827,
20236852,
20236935,
20237090,
20237137,
20237703,
20237780,
20238302,
20238698,
20238710,
20239273,
20239398,
20239402,
20239434,
20239726,
20240109,
20241490,
20241527,
20241626,
20241793,
20241957,
20242093,
20242275,
20242591,
20243295,
20244040,
20244740,
20245733,
20248213,
20248310,
20248795,
20248841,
20249174,
20249217,
20249547,
20249887,
20250056,
20250426,
20250489,
20250625,
20250757,
20250893,
20251701,
20251781,
20252053,
20252703,
20253157,
20253375,
20253864,
20253926,
20254020,
20255361,
20255487,
20255964,
20256343,
20256911,
20256939,
20257059,
20257508,
20257862,
20257909,
20258641,
20259888,
20259946,
20260437,
20261130,
20261410,
20261708,
20262010,
20262037,
20262117,
20262140,
20262225,
20262378,
20262386,
20262541,
20262630,
20263091,
20263092,
20263154,
20263255,
20263586,
20263877,
20264107,
20264155,
20264324,
20264544,
20264687,
20264966,
20265300,
20265595,
20265646,
20266449,
20266742,
20266824,
20267193,
20267196,
20267258,
20267834,
20268525,
20268535,
20268681,
20268883,
20268903,
20269402,
20269651,
20269905,
20269926,
20270643,
20270809,
20270919,
20271567,
20271700,
20271860,
20271969,
20272177,
20272326,
20272868,
20272940,
20273044,
20273095,
20273861,
20274501,
20274522,
20275229,
20275968,
20276008,
20276119,
20276288,
20276606,
20277045,
20277244,
20277245,
20277377,
20277800,
20277863,
20278290,
20278694,
20278855,
20278877,
20278900,
20279182,
20279256,
20279391,
20279672,
20280198,
20280284,
20280363,
20280378,
20280408,
20280483,
20280698,
20280723,
20280824,
20281552,
20281707,
20281978,
20281980,
20282275,
20282333,
20282496,
20282530,
20282636,
20282885,
20282897,
20283440,
20283959,
20284169,
20284317,
20284485,
20285232,
20285261,
20285325,
20285435,
20285672,
20285707,
20285759,
20285835,
20285840,
20286094,
20286379,
20286525,
20287169,
20287231,
20287241,
20287484,
20287546,
20287561,
20287666,
20287946,
20288096,
20288224,
20289171,
20289183,
20289898,
20290153,
20290456,
20290953,
20292573,
20293231,
20293337,
20293351,
20293353,
20293396,
20293770,
20294410,
20294703,
20294720,
20294780,
20294891,
20294957,
20295075,
20295558,
20296048,
20296506,
20296658,
20296703,
20296930,
20297386,
20297472,
20297954,
20298837,
20298876,
20299014,
20299114,
20299191,
20299582,
20299794,
20300587,
20300660,
20300687,
20300694,
20300823,
20300965,
20301375,
20301385,
20301421,
20301447,
20301466,
20301483,
20301565,
20302064,
20302094,
20302228,
20302527,
20303030,
20303048,
20303288,
20303685,
20304025,
20304704,
20304764,
20304782,
20305006,
20305032,
20305239,
20305669,
20306093,
20306292,
20306298,
20306438,
20306514,
20307737,
20307939,
20308100,
20308481,
20308493,
20308506,
20308535,
20308550,
20308755,
20309063,
20309072,
20309419,
20309629,
20309743,
20310094,
20310127,
20310186,
20310329,
20310602,
20310658,
20310689,
20311181,
20311575,
20311671,
20311715,
20312544,
20312785,
20312868,
20313171,
20313301,
20313726,
20314124,
20314532,
20314672,
20315111,
20315274,
20315628,
20316057,
20316126,
20316196,
20316222,
20316273,
20317223,
20317398,
20318008,
20318348,
20318380,
20318447,
20319055,
20319136,
20319184,
20319627,
20319833,
20320116,
20320169,
20320376,
20320797,
20320887,
20321137,
20321156,
20321376,
20321424,
20321453,
20321737,
20322204,
20322958,
20323080,
20323240,
20323608,
20323911,
20324176,
20324460,
20324790,
20324836,
20325065,
20325483,
20325538,
20325773,
20325813,
20326103,
20326391,
20326490,
20327081,
20327163,
20327270,
20327496,
20327735,
20327931,
20328255,
20328407,
20328682,
20328690,
20328978,
20329654,
20329705,
20330090,
20330645,
20330780,
20331509,
20331766,
20332797,
20332856,
20332927,
20333070,
20333133,
20333277,
20333337,
20334405,
20335413,
20335640,
20335912,
20336151,
20336613,
20337049,
20337084,
20337143,
20337561,
20337885,
20338238,
20338745,
20339064,
20339077,
20339184,
20339400,
20339645,
20339826,
20340002,
20340768,
20340986,
20341075,
20341363,
20342021,
20342976,
20343517,
20343959,
20344454,
20344505,
20344597,
20344634,
20344785,
20345181,
20345191,
20345254,
20345294,
20345533,
20345609,
20345680,
20345958,
20346146,
20346355,
20347440,
20348319,
20348479,
20349005,
20349094,
20349203,
20349357,
20349791,
20349861,
20349961,
20350330,
20350472,
20351191,
20351400,
20352032,
20352668,
20352912,
20353195,
20353387,
20353413,
20353797,
20354163,
20354725,
20355077,
20355614,
20355633,
20355798,
20355818,
20355997,
20356119,
20356537,
20356710,
20357697,
20358577,
20358640,
20358918,
20359195,
20360063,
20361534,
20361711,
20361960,
20362236,
20362428,
20362595,
20363084,
20363095,
20363151,
20363529,
20363710,
20363803,
20364841,
20364891,
20365054,
20365098,
20365458,
20365622,
20365741,
20365821,
20365837,
20365902,
20366406,
20366724,
20366921,
20367097,
20367396,
20367399,
20367774,
20367996,
20368000,
20368047,
20368133,
20368148,
20368233,
20368316,
20368471,
20368580,
20369057,
20369129,
20369182,
20369487,
20369936,
20370454,
20371453,
20371523,
20371914,
20372162,
20372309,
20372386,
20372679,
20372924,
20372986,
20373011,
20373222,
20373387,
20373453,
20373541,
20374091,
20374159,
20374412,
20374532,
20374562,
20374748,
20374920,
20375173,
20375516,
20375583,
20375709,
20375778,
20375840,
20375968,
20375995,
20376072,
20376333,
20376647,
20376709,
20376719,
20376791,
20377358,
20377794,
20378960,
20379390,
20379447,
20379499,
20379554,
20380014,
20380166,
20380388,
20380854,
20381301,
20381346,
20381389,
20381636,
20381721,
20381793,
20381838,
20382036,
20382066,
20382365,
20383259,
20383292,
20383470,
20384046,
20384205,
20384325,
20384741,
20385054,
20385153,
20385383,
20385439,
20385914,
20386017,
20386358,
20386971,
20387008,
20387111,
20387922,
20387963,
20388550,
20389224,
20389329,
20389413,
20389776,
20389954,
20390304,
20390658,
20390682,
20390931,
20391206,
20391588,
20391980,
20392075,
20392332,
20392651,
20393036,
20393350,
20393496,
20394038,
20394090,
20394505,
20395454,
20395915,
20396082,
20396422,
20396435,
20398059,
20398262,
20398722,
20398883,
20399225,
20399332,
20399441,
20399489,
20399491,
20399627,
20400143,
20400697,
20400763,
20400811,
20400819,
20400927,
20400983,
20401107,
20401647,
20401962,
20402482,
20402934,
20403060,
20403095,
20403124,
20403460,
20403464,
20404601,
20404639,
20405013,
20405025,
20405357,
20405966,
20406122,
20406210,
20406234,
20406501,
20406896,
20407164,
20407384,
20407643,
20407718,
20407972,
20408764,
20409054,
20409557,
20409807,
20409923,
20411035,
20411190,
20411582,
20411882,
20412145,
20412216,
20412292,
20412609,
20412653,
20412848,
20412970,
20413101,
20413449,
20413634,
20414012,
20414163,
20414434,
20414436,
20414832,
20414879,
20415382,
20415731,
20416529,
20416692,
20417039,
20417533,
20418347,
20418393,
20418463,
20418587,
20418631,
20418873,
20419050,
20419466,
20419713,
20420646,
20421182,
20421591,
20421772,
20422447,
20422722,
20422995,
20423012,
20423111,
20423141,
20423423,
20423507,
20423561,
20423608,
20423750,
20423822,
20424838,
20424944,
20425034,
20425400,
20425458,
20425665,
20425718,
20425774,
20425941,
20426181,
20426807,
20427038,
20427149,
20427285,
20427471,
20427889,
20427962,
20428056,
20428124,
20428125,
20428623,
20428883,
20429062,
20429318,
20429353,
20429394,
20429415,
20429574,
20429845,
20430290,
20430653,
20430656,
20431020,
20431107,
20431403,
20431491,
20431589,
20431789,
20432066,
20432242,
20432459,
20432581,
20432837,
20434209,
20434277,
20434369,
20434609,
20434659,
20434749,
20434765,
20434809,
20434864,
20435851,
20436038,
20436395,
20436717,
20437280,
20437301,
20437477,
20437552,
20437745,
20437848,
20437860,
20438293,
20438894,
20439200,
20439292,
20439492,
20439662,
20440104,
20440246,
20440533,
20440539,
20440754,
20440829,
20440909,
20441052,
20441439,
20441511,
20441698,
20441839,
20442972,
20443092,
20443312,
20443402,
20444072,
20445085,
20445377,
20445963,
20446071,
20446438,
20446691,
20446766,
20446894,
20447183,
20448162,
20448310,
20448466,
20449122,
20449220,
20449386,
20450099,
20450312,
20450816,
20450941,
20451108,
20451121,
20451330,
20451522,
20451650,
20452059,
20452088,
20452418,
20452453,
20452597,
20452878,
20453797,
20453899,
20454119,
20454239,
20454416,
20454651,
20455107,
20455233,
20455339,
20455591,
20455791,
20456070,
20456509,
20456551,
20456657,
20457225,
20457333,
20457346,
20457506,
20457573,
20457735,
20458279,
20458852,
20459002,
20459172,
20459423,
20459544,
20459915,
20460073,
20460221,
20460260,
20460314,
20460401,
20460559,
20461196,
20461688,
20461911,
20462565,
20462754,
20463528,
20463791,
20463867,
20464194,
20464484,
20464560,
20464742,
20464775,
20465308,
20465493,
20465936,
20466254,
20466318,
20466417,
20466504,
20467157,
20467382,
20467890,
20467917,
20468026,
20468376,
20468397,
20468513,
20468958,
20468995,
20469617,
20469725,
20469839,
20469914,
20470124,
20470150,
20470479,
20470564,
20470624,
20471125,
20471417,
20471688,
20471927,
20472120,
20472209,
20472657,
20472698,
20472999,
20473087,
20473210,
20473380,
20474238,
20474995,
20475108,
20475513,
20475699,
20476925,
20477092,
20477242,
20477403,
20477732,
20477806,
20478446,
20479114,
20479347,
20479472,
20479775,
20479811,
20479872,
20479995,
20480099,
20480288,
20480364,
20480497,
20480505,
20480727,
20480877,
20481122,
20481141,
20481163,
20481193,
20481220,
20481273,
20481301,
20481600,
20481719,
20481927,
20482056,
20482135,
20482187,
20482217,
20482218,
20482264,
20482424,
20482451,
20482536,
20482572,
20482641,
20482649,
20482875,
20482916,
20483494,
20483646,
20483800,
20484385,
20484417,
20484608,
20485172,
20485342,
20485633,
20485983,
20486073,
20486196,
20486366,
20486627,
20486712,
20486763,
20486973,
20487627,
20488452,
20488526,
20488705,
20489594,
20489606,
20490017,
20490456,
20491300,
20491815,
20491868,
20492037,
20492120,
20492165,
20492208,
20492225,
20492348,
20492373,
20492441,
20493211,
20493517,
20493690,
20493773,
20493926,
20494047,
20494053,
20494191,
20494655,
20495357,
20495387,
20495422,
20495583,
20495635,
20495653,
20495706,
20495996,
20496093,
20496726,
20496928,
20497009,
20497152,
20497462,
20497669,
20497728,
20497775,
20497880,
20499002,
20499086,
20499637,
20499758,
20499858,
20500936,
20501148,
20501245,
20501441,
20501649,
20501754,
20501880,
20502246,
20502361,
20502740,
20502853,
20502971,
20503081,
20503201,
20503345,
20505180,
20505184,
20505207,
20505507,
20505530,
20505672,
20505739,
20505899,
20506581,
20507714,
20508104,
20509072,
20510192,
20510261,
20510548,
20510588,
20510647,
20510743,
20510747,
20510750,
20510855,
20511089,
20511181,
20511359,
20511436,
20511460,
20511504,
20511726,
20511954,
20512162,
20512302,
20512344,
20512399,
20512528,
20512536,
20512581,
20513000,
20513268,
20513320,
20513958,
20514054,
20514129,
20514984,
20515023,
20515133,
20515557,
20515798,
20516061,
20516178,
20516944,
20517025,
20517367,
20517475,
20518218,
20518274,
20518810,
20519204,
20519480,
20519563,
20519655,
20519977,
20519996,
20520157,
20520198,
20521818,
20521910,
20522079,
20522198,
20522401,
20522432,
20522655,
20522820,
20523255,
20523672,
20523686,
20523695,
20523756,
20524124,
20524711,
20525514,
20525541,
20525697,
20526086,
20526246,
20526369,
20526493,
20526573,
20526594,
20526834,
20526839,
20527126,
20527263,
20527279,
20527391,
20527438,
20527463,
20527552,
20527608,
20527703,
20527903,
20528035,
20528040,
20528055,
20528178,
20528241,
20528439,
20528472,
20528520,
20528543,
20528755,
20529072,
20529168,
20529428,
20529846,
20529847,
20529849,
20530098,
20530305,
20530345,
20530490,
20530632,
20531020,
20531384,
20531551,
20531863,
20532101,
20532301,
20532354,
20532534,
20532684,
20533503,
20533629,
20533683,
20533795,
20533838,
20534054,
20534675,
20534762,
20534775,
20534807,
20534923,
20535004,
20535029,
20535524,
20535646,
20535875,
20536387,
20536555,
20536808,
20536913,
20537171,
20537237,
20537361,
20537468,
20537512,
20538048,
20538235,
20538743,
20538750,
20538806,
20538836,
20539008,
20539232,
20539259,
20539599,
20539607,
20539819,
20539883,
20540319,
20540594,
20540978,
20541195,
20541218,
20541591,
20542070,
20542235,
20542693,
20542802,
20543084,
20543127,
20543496,
20543615,
20543703,
20543911,
20544009,
20544237,
20544378,
20544393,
20544398,
20544623,
20544915,
20545032,
20545267,
20545273,
20545353,
20545460,
20545918,
20546070,
20546194,
20546454,
20546787,
20547062,
20547712,
20547849,
20548338,
20548954,
20549066,
20549717,
20549822,
20549933,
20550137,
20550236,
20550429,
20550552,
20550683,
20551187,
20551255,
20551369,
20552078,
20552304,
20552437,
20552566,
20552620,
20552661,
20552914,
20553096,
20553337,
20553434,
20553469,
20553629,
20553693,
20553701,
20553757,
20554229,
20554952,
20555368,
20555502,
20555554,
20555608,
20555788,
20556087,
20556279,
20556411,
20556465,
20556737,
20556789,
20557408,
20557449,
20558527,
20558839,
20558908,
20559015,
20559375,
20559424,
20559519,
20559564,
20559726,
20559949,
20559967,
20560111,
20560474,
20561427,
20561820,
20561898,
20562817,
20562867,
20562877,
20562897,
20562924,
20563046,
20563190,
20563356,
20563381,
20563456,
20563658,
20563745,
20563746,
20563844,
20564351,
20564888,
20564917,
20565359,
20565795,
20566144,
20566187,
20566204,
20566368,
20566641,
20566815,
20567229,
20567483,
20567502,
20567521,
20567649,
20567760,
20568195,
20568299,
20568340,
20568407,
20569178,
20569505,
20569529,
20569569,
20569680,
20570110,
20570268,
20570412,
20570419,
20570461,
20570695,
20570796,
20570891,
20571018,
20571124,
20571906,
20571967,
20572794,
20572861,
20573108,
20573209,
20573580,
20573871,
20574691,
20574791,
20574975,
20575502,
20575622,
20575753,
20575809,
20575975,
20576387,
20576622,
20576767,
20576906,
20576967,
20576971,
20577037,
20577041,
20577170,
20577760,
20577780,
20578083,
20578359,
20578367,
20578415,
20578423,
20578679,
20578875,
20579022,
20579067,
20579352,
20579891,
20581383,
20581443,
20581554,
20581817,
20582109,
20582337,
20582858,
20582919,
20583119,
20583231,
20583232,
20583365,
20583500,
20583611,
20583613,
20583776,
20584203,
20584368,
20584862,
20585346,
20585473,
20585660,
20585733,
20585885,
20586218,
20586477,
20586524,
20586818,
20586975,
20587798,
20587841,
20587848,
20587923,
20588215,
20588233,
20588402,
20588408,
20588417,
20588795,
20588996,
20589116,
20589264,
20589827,
20590101,
20590416,
20590859,
20591256,
20591860,
20592090,
20592602,
20592603,
20592628,
20592765,
20592813,
20593144,
20593149,
20593176,
20593321,
20593362,
20593369,
20593802,
20594164,
20594360,
20594563,
20594625,
20594755,
20594770,
20594960,
20595341,
20595455,
20595633,
20596291,
20596740,
20597060,
20597118,
20597168,
20597196,
20597304,
20597340,
20597397,
20597769,
20597980,
20598014,
20599295,
20599370,
20599395,
20599687,
20599868,
20599968,
20600027,
20600472,
20601441,
20601625,
20601631,
20601684,
20601809,
20601837,
20601880,
20601888,
20602318,
20602489,
20602637,
20602685,
20602805,
20602869,
20603205,
20603209,
20603489,
20603949,
20604232,
20604363,
20604397,
20604639,
20604645,
20604982,
20605031,
20605170,
20605171,
20605320,
20606002,
20606502,
20606781,
20607303,
20607321,
20607414,
20608142,
20608704,
20608843,
20609092,
20609210,
20609308,
20609369,
20609448,
20609802,
20609994,
20611003,
20611125,
20611277,
20611340,
20611425,
20611773,
20612094,
20612159,
20612736,
20613129,
20613594,
20613708,
20614328,
20614378,
20614457,
20614580,
20614595,
20614692,
20614980,
20615217,
20615531,
20616147,
20616202,
20616397,
20616591,
20616689,
20616765,
20616821,
20616912,
20617244,
20617369,
20617578,
20618324,
20618403,
20618541,
20618906,
20619109,
20619156,
20619473,
20619623,
20619669,
20619704,
20620149,
20620191,
20620257,
20620529,
20620670,
20620848,
20620949,
20621290,
20621599,
20621859,
20622014,
20622222,
20622357,
20622390,
20622980,
20623069,
20623085,
20623366,
20623546,
20623560,
20623629,
20623634,
20623729,
20623831,
20623890,
20623963,
20624162,
20624174,
20624195,
20624480,
20624724,
20624820,
20625276,
20625317,
20625353,
20625384,
20625634,
20625792,
20625822,
20625905,
20625906,
20626128,
20626865,
20627004,
20627325,
20627462,
20627841,
20628210,
20628258,
20628758,
20628959,
20629077,
20629134,
20629392,
20629452,
20629460,
20629752,
20629913,
20630177,
20630189,
20630201,
20630398,
20630402,
20631027,
20631048,
20631687,
20631835,
20632007,
20632010,
20632297,
20632472,
20632519,
20632568,
20632760,
20632880,
20633090,
20633365,
20633369,
20633373,
20633475,
20633576,
20633735,
20633924,
20633959,
20633980,
20634354,
20634361,
20634408,
20634535,
20634882,
20635321,
20635738,
20635881,
20636025,
20636126,
20636237,
20636325,
20636469,
20636774,
20637134,
20637182,
20637422,
20637582,
20637661,
20637740,
20637926,
20638456,
20638484,
20638814,
20638935,
20639469,
20639763,
20639830,
20640077,
20640202,
20640267,
20640432,
20640470,
20640630,
20640687,
20640834,
20641122,
20641389,
20641633,
20641652,
20641768,
20641832,
20641936,
20642156,
20642323,
20642521,
20642919,
20643141,
20643341,
20643357,
20643508,
20643730,
20643890,
20643921,
20644127,
20644160,
20644265,
20644427,
20644644,
20644755,
20645077,
20645199,
20645241,
20645397,
20645553,
20645613,
20645847,
20646073,
20646273,
20646551,
20646633,
20646672,
20646766,
20646777,
20647256,
20647281,
20647353,
20647701,
20647794,
20648044,
20648071,
20648252,
20648437,
20648491,
20648921,
20649086,
20649255,
20649723,
20649867,
20649988,
20650107,
20650311,
20650346,
20650395,
20650505,
20650514,
20650634,
20650712,
20650884,
20651122,
20651162,
20651409,
20651469,
20651517,
20651682,
20651865,
20652392,
20652415,
20652575,
20652702,
20652754,
20652786,
20652893,
20653336,
20653560,
20653686,
20654283,
20654322,
20654508,
20654591,
20654623,
20654851,
20654923,
20654943,
20655155,
20655411,
20655707,
20655967,
20656053,
20656272,
20656392,
20656445,
20656516,
20656580,
20656652,
20656752,
20656868,
20656992,
20657108,
20657126,
20657377,
20657457,
20657527,
20657559,
20657769,
20657827,
20657834,
20657928,
20658000,
20658115,
20658135,
20658317,
20658346,
20658374,
20659077,
20659226,
20659284,
20659462,
20659511,
20659532,
20659746,
20659765,
20659826,
20660137,
20660349,
20660621,
20660629,
20660777,
20660985,
20661089,
20661170,
20661213,
20661290,
20661418,
20661557,
20661612,
20661719,
20661725,
20661816,
20661969,
20661978,
20662151,
20662239,
20662302,
20662901,
20664086,
20664243,
20664400,
20664576,
20664885,
20664920,
20664959,
20666220,
20666226,
20666253,
20666297,
20666495,
20666964,
20666973,
20667663,
20667708,
20667882,
20668050,
20668065,
20668251,
20668370,
20668510,
20668810,
20668877,
20669005,
20669326,
20669683,
20669719,
20669853,
20669883,
20670036,
20670073,
20670191,
20670468,
20670477,
20670804,
20670821,
20671193,
20671279,
20671351,
20671452,
20671507,
20671616,
20671679,
20671722,
20671770,
20671959,
20671973,
20672129,
20672526,
20672844,
20672856,
20673421,
20673560,
20674015,
20674143,
20674179,
20674280,
20674336,
20674412,
20674470,
20674500,
20674648,
20675016,
20675021,
20675108,
20675241,
20675922,
20676167,
20676169,
20676201,
20676273,
20676399,
20676462,
20676653,
20676773,
20676909,
20677152,
20677248,
20677411,
20677716,
20677913,
20677927,
20678059,
20678106,
20678265,
20678618,
20678675,
20678741,
20679062,
20679347,
20679362,
20679508,
20679807,
20680261,
20680631,
20680659,
20680691,
20680797,
20681082,
20681216,
20681337,
20681350,
20681531,
20681707,
20682152,
20682304,
20682880,
20682927,
20682975,
20683063,
20683382,
20683404,
20683543,
20683705,
20683743,
20683891,
20683896,
20684180,
20684211,
20684323,
20684601,
20684607,
20684709,
20684765,
20685066,
20685073,
20685181,
20685270,
20685306,
20685682,
20685708,
20686173,
20686563,
20686569,
20686724,
20686934,
20687688,
20687911,
20688098,
20688149,
20688319,
20688484,
20688639,
20688751,
20689011,
20689251,
20689724,
20690069,
20690152,
20690259,
20690519,
20690778,
20690786,
20690904,
20690998,
20691300,
20691818,
20691891,
20692166,
20692259,
20692272,
20692416,
20692437,
20692541,
20692624,
20692646,
20692693,
20693034,
20693114,
20693444,
20693565,
20693793,
20693924,
20693949,
20694024,
20694122,
20694173,
20694925,
20694954,
20694982,
20695856,
20696211,
20696218,
20696391,
20696407,
20696627,
20696636,
20696783,
20696839,
20697056,
20697058,
20697164,
20697482,
20697603,
20697686,
20697794,
20697985,
20698275,
20698300,
20698465,
20698573,
20698840,
20698995,
20699903,
20700285,
20700558,
20700859,
20701016,
20701087,
20701099,
20701116,
20701126,
20701596,
20702215,
20702256,
20702268,
20702319,
20702486,
20702554,
20702846,
20702888,
20703098,
20703253,
20703374,
20703524,
20703595,
20703942,
20703983,
20704023,
20704196,
20704264,
20705089,
20705142,
20705243,
20705387,
20705523,
20706090,
20706122,
20706226,
20706514,
20706681,
20706869,
20707047,
20707050,
20707455,
20707623,
20707649,
20707679,
20707723,
20707936,
20708415,
20708425,
20708470,
20708529,
20708934,
20709012,
20709139,
20709441,
20709618,
20709650,
20709725,
20709966,
20710053,
20710230,
20710244,
20710313,
20710380,
20710484,
20710677,
20710989,
20711101,
20711143,
20711334,
20711469,
20711567,
20711577,
20711591,
20711690,
20711709,
20711793,
20711987,
20712005,
20712111,
20712247,
20712510,
20712719,
20712806,
20712813,
20712878,
20713011,
20713043,
20713179,
20713230,
20713326,
20713756,
20713823,
20714253,
20714256,
20714371,
20714725,
20715762,
20716258,
20716347,
20716352,
20716382,
20716797,
20717051,
20717627,
20717667,
20717728,
20718132,
20718452,
20718639,
20719036,
20719047,
20719144,
20719175,
20719363,
20719406,
20719508,
20719619,
20719955,
20719984,
20720271,
20720317,
20720469,
20720772,
20720910,
20720926,
20720966,
20721014,
20721059,
20721269,
20721749,
20721773,
20722068,
20722269,
20722363,
20722508,
20722706,
20723013,
20723469,
20723622,
20724048,
20724490,
20724763,
20724770,
20724782,
20724993,
20725022,
20725646,
20725996,
20726107,
20726283,
20726659,
20726775,
20727059,
20727069,
20727313,
20727390,
20727510,
20727536,
20728328,
20728935,
20729096,
20729299,
20729874,
20730010,
20730170,
20730495,
20731051,
20731118,
20731497,
20731603,
20731697,
20731750,
20731832,
20731893,
20732044,
20732195,
20732520,
20733267,
20733315,
20733427,
20733858,
20733881,
20733981,
20734481,
20734521,
20734604,
20734963,
20735054,
20735167,
20735480,
20735521,
20735856,
20735878,
20736535,
20736633,
20736964,
20737045,
20737291,
20737434,
20737991,
20738244,
20739384,
20739650,
20740082,
20740188,
20740750,
20740890,
20741307,
20741352,
20741703,
20741748,
20741873,
20741919,
20742014,
20742021,
20742234,
20742249,
20742380,
20742595,
20742623,
20742805,
20743001,
20743108,
20743188,
20743334,
20743521,
20743684,
20744521,
20744793,
20745004,
20745082,
20745101,
20745325,
20745482,
20745728,
20746086,
20746600,
20746634,
20747593,
20747663,
20748181,
20748557,
20748597,
20748765,
20749172,
20749230,
20749631,
20750087,
20750197,
20750355,
20750917,
20751183,
20751243,
20751455,
20751988,
20751990,
20752035,
20752100,
20752367,
20752570,
20753214,
20753315,
20753514,
20753732,
20754143,
20754442,
20754492,
20754641,
20755074,
20755251,
20755534,
20755814,
20756080,
20756292,
20756481,
20756584,
20756990,
20756991,
20757044,
20757364,
20757522,
20757578,
20757737,
20758086,
20758418,
20758449,
20758477,
20758479,
20758844,
20758900,
20759416,
20759468,
20759519,
20759785,
20759895,
20759972,
20760216,
20760243,
20761214,
20761301,
20761875,
20761991,
20762103,
20762120,
20762154,
20762197,
20762403,
20762765,
20762968,
20763111,
20763257,
20763486,
20763522,
20763730,
20763867,
20763924,
20764341,
20764526,
20764821,
20765158,
20765208,
20765270,
20765408,
20765439,
20765478,
20765497,
20765898,
20766094,
20766595,
20766597,
20766792,
20766821,
20767153,
20767211,
20767233,
20767359,
20767803,
20767872,
20767921,
20767922,
20768286,
20768654,
20768895,
20769248,
20769763,
20769816,
20770070,
20770230,
20770357,
20770361,
20770443,
20770544,
20770631,
20770686,
20770851,
20771001,
20771291,
20771295,
20771351,
20771709,
20771861,
20771897,
20771996,
20772082,
20772242,
20772777,
20773142,
20773534,
20773845,
20774142,
20774336,
20774362,
20774552,
20774701,
20774885,
20774979,
20775235,
20775381,
20775413,
20775449,
20775498,
20775555,
20775840,
20776060,
20776200,
20776419,
20776670,
20776683,
20776786,
20776863,
20777256,
20777261,
20777771,
20778015,
20778161,
20778511,
20778535,
20779053,
20780046,
20780289,
20780462,
20780541,
20780772,
20780903,
20781280,
20781315,
20781506,
20781672,
20781712,
20781745,
20783521,
20783528,
20784503,
20785043,
20785164,
20785224,
20785329,
20785420,
20785460,
20785505,
20785611,
20785616,
20786155,
20786392,
20786436,
20786610,
20786622,
20786919,
20787064,
20787445,
20787458,
20787636,
20787882,
20787919,
20788591,
20789053,
20789298,
20789338,
20789451,
20789512,
20789784,
20789833,
20789993,
20790593,
20791711,
20791911,
20792137,
20792548,
20792572,
20793311,
20793371,
20793405,
20793836,
20793903,
20793913,
20794024,
20794169,
20794194,
20794318,
20794376,
20794402,
20794506,
20794547,
20795340,
20795938,
20796051,
20796096,
20796133,
20796305,
20796558,
20797434,
20798402,
20798513,
20798970,
20799396,
20799610,
20799867,
20800077,
20800238,
20800269,
20801375,
20801467,
20801551,
20802022,
20802198,
20802485,
20802577,
20802709,
20802822,
20803238,
20803346,
20803703,
20804028,
20804214,
20804270,
20805036,
20805200,
20805403,
20806055,
20806452,
20806561,
20807200,
20807438,
20807998,
20808138,
20808219,
20808891,
20808965,
20808974,
20809391,
20809411,
20809420,
20809581,
20809865,
20809972,
20810307,
20810635,
20810826,
20810890,
20811738,
20812025,
20812162,
20812215,
20812693,
20812913,
20813221,
20813444,
20814153,
20814345,
20814725,
20814860,
20814990,
20815272,
20815363,
20815370,
20815443,
20816955,
20817164,
20817380,
20817421,
20817437,
20817551,
20817844,
20818095,
20818104,
20818137,
20818783,
20818848,
20819310,
20819635,
20820123,
20820326,
20820993,
20821131,
20821202,
20821257,
20821262,
20821457,
20821461,
20821579,
20821622,
20821661,
20821745,
20821885,
20822001,
20822008,
20822159,
20822304,
20822854,
20823692,
20823710,
20824144,
20824168,
20824248,
20824453,
20824473,
20824610,
20824640,
20824686,
20824785,
20825013,
20825188,
20825196,
20825268,
20825775,
20825858,
20826290,
20826361,
20826485,
20826530,
20826839,
20826996,
20827010,
20827159,
20827257,
20827653,
20827788,
20827796,
20828142,
20828165,
20828270,
20828290,
20828621,
20828775,
20828799,
20828840,
20829223,
20829643,
20829854,
20830210,
20830255,
20830643,
20830839,
20830993,
20831146,
20831730,
20831898,
20831995,
20832180,
20832251,
20832520,
20832599,
20832769,
20832992,
20833016,
20833332,
20833657,
20833754,
20833905,
20833969,
20834088,
20834279,
20834468,
20834485,
20834644,
20834796,
20834994,
20835030,
20835068,
20835539,
20835633,
20836146,
20836379,
20836564,
20836616,
20837263,
20837474,
20837564,
20838459,
20838489,
20838495,
20838667,
20838920,
20838924,
20839119,
20839191,
20839289,
20839398,
20839413,
20839941,
20839958,
20840080,
20841270,
20841404,
20841432,
20841672,
20841673,
20841709,
20841752,
20841991,
20842014,
20842191,
20842819,
20842869,
20842980,
20842991,
20843090,
20843220,
20843960,
20844126,
20844127,
20844224,
20844548,
20844841,
20844993,
20845021,
20845381,
20845489,
20845643,
20845668,
20845692,
20845961,
20846278,
20846573,
20846586,
20846949,
20846978,
20847117,
20847786,
20847836,
20847934,
20847953,
20848211,
20848286,
20848363,
20848481,
20848497,
20848569,
20848863,
20848981,
20848998,
20849011,
20849170,
20849223,
20849303,
20849375,
20849396,
20849498,
20849816,
20849929,
20850004,
20850165,
20850342,
20850423,
20850690,
20850698,
20850751,
20850946,
20851078,
20851086,
20851545,
20852420,
20852477,
20852705,
20852707,
20853424,
20853435,
20853550,
20853725,
20853729,
20853798,
20854181,
20854284,
20854491,
20854526,
20855048,
20855312,
20855585,
20855850,
20856214,
20856423,
20856424,
20856437,
20856467,
20856598,
20856705,
20856733,
20857487,
20857499,
20857759,
20857805,
20857901,
20857962,
20858103,
20858318,
20858455,
20858536,
20858856,
20858932,
20859109,
20859184,
20859549,
20860086,
20860119,
20860292,
20860525,
20860685,
20860713,
20860966,
20861057,
20861156,
20861202,
20861206,
20861305,
20861324,
20861329,
20861432,
20861509,
20861680,
20861708,
20861772,
20862321,
20862455,
20862509,
20862521,
20862926,
20863070,
20863104,
20863262,
20863339,
20863511,
20863528,
20863534,
20863541,
20863722,
20864067,
20864157,
20864648,
20864842,
20864950,
20865231,
20865565,
20865568,
20865818,
20865905,
20866401,
20866408,
20866436,
20866761,
20867305,
20867361,
20867438,
20867471,
20867499,
20867503,
20867618,
20867638,
20867685,
20867759,
20867839,
20868010,
20868078,
20868100,
20868949,
20869230,
20869827,
20870031,
20870035,
20870059,
20870098,
20870259,
20870492,
20871195,
20871275,
20871747,
20871863,
20872110,
20872365,
20872556,
20872618,
20872876,
20873467,
20874194,
20874785,
20874795,
20874846,
20874961,
20875373,
20875481,
20875681,
20875822,
20875862,
20875922,
20876117,
20876237,
20876635,
20876674,
20876753,
20876802,
20876886,
20876914,
20877028,
20877057,
20877149,
20877164,
20877269,
20877537,
20877549,
20877552,
20877663,
20877783,
20877786,
20877813,
20878201,
20878210,
20878297,
20878413,
20878649,
20878789,
20878803,
20879061,
20879093,
20879217,
20879221,
20879337,
20879440,
20879458,
20879460,
20879487,
20879489,
20879591,
20879608,
20879705,
20879715,
20879731,
20879746,
20879850,
20879857,
20879888,
20879972,
20880085,
20880253,
20880349,
20880365,
20880405,
20880529,
20880595,
20880642,
20880801,
20880903,
20880927,
20880947,
20880978,
20881041,
20881164,
20881256,
20881334,
20881352,
20881356,
20881532,
20881565,
20881605,
20881680,
20881736,
20881759,
20881800,
20881959,
20882079,
20882239,
20882309,
20882470,
20882689,
20882833,
20882896,
20882984,
20883080,
20883125,
20883225,
20883339,
20883379,
20883386,
20883429,
20883509,
20883552,
20883568,
20883632,
20883668,
20883754,
20883788,
20883807,
20883819,
20883912,
20883943,
20884028,
20884082,
20884133,
20884152,
20884176,
20884213,
20884292,
20884423,
20884463,
20884611,
20884679,
20884773,
20884809,
20884812,
20884858,
20884859,
20885106,
20885146,
20885167,
20885180,
20885286,
20885752,
20885775,
20886255,
20886355,
20886579,
20886762,
20887094,
20887423,
20887572,
20887689,
20887910,
20888010,
20888043,
20888288,
20888310,
20888337,
20888342,
20888389,
20888427,
20888508,
20888553,
20888868,
20888918,
20888993,
20889016,
20889146,
20889174,
20889357,
20889390,
20889510,
20889605,
20889624,
20889692,
20889986,
20890026,
20890185,
20890301,
20890582,
20890701,
20890805,
20890817,
20890904,
20891057,
20891092,
20891192,
20891360,
20891376,
20891709,
20891813,
20891828,
20891924,
20891933,
20892005,
20892048,
20892209,
20892212,
20892312,
20892489,
20892610,
20892638,
20892810,
20892898,
20892917,
20892918,
20892927,
20892932,
20893023,
20893064,
20893098,
20893249,
20893311,
20893331,
20893369,
20893429,
20893485,
20893608,
20893729,
20893732,
20893803,
20893898,
20893911,
20893935,
20894075,
20894207,
20894247,
20894371,
20894395,
20894523,
20894547,
20894612,
20894703,
20894835,
20894862,
20895258,
20895320,
20895342,
20895396,
20895429,
20895579,
20895791,
20895864,
20895908,
20895979,
20896031,
20896250,
20896282,
20896526,
20896546,
20896703,
20896718,
20896786,
20896790,
20896887,
20896907,
20896995,
20897142,
20897174,
20897265,
20897301,
20897333,
20897541,
20897665,
20897781,
20898017,
20898092,
20898139,
20898341,
20898439,
20898495,
20898512,
20898538,
20898616,
20898866,
20898982,
20899077,
20899134,
20899240,
20899388,
20899452,
20899491,
20899508,
20899571,
20899688,
20899759,
20899771,
20899805,
20899927,
20900044,
20900072,
20900121,
20900163,
20900234,
20900244,
20900324,
20900352,
20900433,
20900438,
20900509,
20900598,
20900601,
20900689,
20900802,
20900882,
20901077,
20901225,
20901297,
20901321,
20901361,
20901437,
20901481,
20901561,
20901671,
20901754,
20901867,
20901871,
20902070,
20902158,
20902167,
20902270,
20902447,
20902508,
20902571,
20902671,
20902687,
20902722,
20902871,
20902891,
20902928,
20902939,
20902973,
20903003,
20903107,
20903222,
20903472,
20903541,
20903773,
20903825,
20903837,
20903861,
20903867,
20904126,
20904300,
20904380,
20904405,
20904419,
20904540,
20904547,
20904596,
20904636,
20904856,
20904975,
20905020,
20905055,
20905205,
20905217,
20905318,
20905472,
20905539,
20905858,
20905981,
20905991,
20906303,
20906559,
20906591,
20906825,
20907039,
20907141,
20907723,
20907754,
20907756,
20907800,
20907912,
20908011,
20908022,
20908032,
20908112,
20908129,
20908367,
20908520,
20908729,
20908790,
20908844,
20908865,
20908929,
20908940,
20908980,
20909018,
20909105,
20909129,
20909169,
20909215,
20909449,
20909484,
20909987,
20910006,
20910025,
20910036,
20910065,
20910222,
20910271,
20910272,
20910285,
20910314,
20910339,
20910351,
20910368,
20910393,
20910464,
20910483,
20910522,
20910523,
20910560,
20910586,
20910660,
20910681,
20910744,
20910784,
20910905,
20910948,
20911033,
20911085,
20911141,
20911168,
20911200,
20911202,
20911354,
20911443,
20911469,
20911907,
20912078,
20912265,
20912370,
20912537,
20912791,
20912867,
20912880,
20913273,
20913449,
20913488,
20913573,
20913600,
20913626,
20913651,
20913761,
20913983,
20914035,
20914112,
20914183,
20914249,
20914395,
20914470,
20914479,
20914544,
20915034,
20915106,
20915143,
20915319,
20915404,
20915415,
20915516,
20915648,
20915669,
20915756,
20915944,
20915970,
20915980,
20915995,
20916048,
20916337,
20916417,
20916794,
20917279,
20917295,
20917715,
20917927,
20917941,
20918121,
20918226,
20918293,
20918357,
20918552,
20918636,
20919545,
20919589,
20919699,
20921070,
20921188,
20921534,
20921645,
20921714,
20922107,
20922367,
20922380,
20922427,
20922480,
20922605,
20922681,
20923313,
20923481,
20923564,
20923589,
20923625,
20923670,
20923672,
20923686,
20923690,
20923718,
20923876,
20924197,
20924236,
20924335,
20924379,
20924399,
20924411,
20924463,
20924552,
20924572,
20924974,
20925038,
20925194,
20925684,
20925697,
20925906,
20926199,
20926278,
20926299,
20926355,
20926717,
20926786,
20926805,
20926976,
20927044,
20927121,
20927228,
20927548,
20927608,
20927716,
20927988,
20928172,
20928252,
20928508,
20928607,
20928618,
20928813,
20928869,
20928945,
20929060,
20929233,
20930193,
20930433,
20930589,
20930952,
20930989,
20931302,
20931374,
20931635,
20932112,
20932637,
20932797,
20932817,
20933373,
20933381,
20933642,
20933715,
20934015,
20934116,
20934208,
20934368,
20934438,
20934459,
20934467,
20934475,
20934705,
20934846,
20934878,
20934924,
20935344,
20935450,
20935530,
20935559,
20935617,
20935741,
20936013,
20936309,
20936775,
20937169,
20937303,
20937651,
20937890,
20938108,
20938269,
20938349,
20938717,
20939019,
20939094,
20939359,
20939378,
20939744,
20939832,
20940188,
20940243,
20940382,
20940388,
20940551,
20940707,
20940741,
20941119,
20941200,
20941452,
20941798,
20941857,
20941993,
20942205,
20942237,
20942337,
20942561,
20942666,
20942954,
20943042,
20943248,
20943282,
20943746,
20943773,
20943799,
20943949,
20944519,
20944657,
20944702,
20944930,
20944991,
20945130,
20945160,
20945587,
20945839,
20946005,
20946261,
20946396,
20946501,
20946565,
20946585,
20946718,
20946729,
20947693,
20947856,
20948096,
20948336,
20948396,
20948621,
20948649,
20949038,
20949323,
20949333,
20949596,
20949612,
20950186,
20950361,
20950403,
20950728,
20950750,
20950835,
20951492,
20951595,
20951760,
20952125,
20952494,
20952558,
20952677,
20953181,
20953734,
20954163,
20954184,
20954216,
20954307,
20954366,
20954421,
20955058,
20955074,
20955161,
20955330,
20955404,
20955630,
20955834,
20956032,
20956140,
20956155,
20956297,
20956394,
20956543,
20956767,
20956962,
20957186,
20957673,
20957713,
20957865,
20958164,
20958323,
20958324,
20958500,
20958540,
20958568,
20958767,
20958985,
20959001,
20959430,
20959524,
20959525,
20959864,
20959979,
20959984,
20960004,
20960038,
20960655,
20960683,
20960915,
20961251,
20961334,
20961517,
20961761,
20962097,
20962154,
20962206,
20962212,
20962347,
20962364,
20962745,
20962784,
20963015,
20963228,
20963241,
20963475,
20963754,
20963775,
20963834,
20963918,
20963924,
20964078,
20964119,
20964133,
20964272,
20964344,
20964746,
20964766,
20964816,
20964831,
20964935,
20965034,
20965593,
20965712,
20965763,
20965920,
20966228,
20966333,
20966391,
20966633,
20966847,
20966867,
20967009,
20967161,
20967573,
20967611,
20967847,
20967919,
20967944,
20967967,
20968020,
20968126,
20968917,
20969196,
20969319,
20969329,
20969376,
20969724,
20969775,
20970027,
20970345,
20970465,
20970470,
20970552,
20970714,
20970801,
20970942,
20971472,
20971475,
20971520,
20971608,
20971752,
20972243,
20972313,
20972378,
20972532,
20972598,
20972697,
20972852,
20972925,
20973956,
20974207,
20974311,
20974482,
20974521,
20974629,
20974632,
20974731,
20974740,
20974855,
20974871,
20974887,
20974919,
20974939,
20975221,
20975251,
20975403,
20975490,
20975590,
20975715,
20977209,
20977820,
20977908,
20977981,
20978273,
20978305,
20978328,
20978585,
20979324,
20979542,
20979618,
20979641,
20979642,
20979938,
20980056,
20980154,
20980485,
20980611,
20980665,
20980821,
20981038,
20981081,
20981218,
20981368,
20981608,
20981686,
20981907,
20982131,
20982189,
20982296,
20982307,
20982389,
20982453,
20982558,
20983721,
20983836,
20984360,
20984583,
20984744,
20985345,
20985522,
20985920,
20985922,
20986155,
20986279,
20986322,
20986362,
20986437,
20986980,
20987131,
20987579,
20988019,
20988560,
20988635,
20988765,
20988935,
20988960,
20989208,
20989305,
20989308,
20989448,
20989869,
20989993,
20990311,
20990460,
20990651,
20990687,
20990830,
20991002,
20991019,
20991465,
20991502,
20991633,
20991673,
20991749,
20991759,
20991898,
20992327,
20992541,
20992543,
20992580,
20992759,
20992920,
20993216,
20993231,
20993252,
20993304,
20993639,
20993831,
20993845,
20993898,
20994091,
20994217,
20994357,
20994390,
20994398,
20994410,
20994659,
20995057,
20995137,
20995197,
20995961,
20995985,
20996265,
20996400,
20996519,
20996558,
20996729,
20996735,
20996744,
20996942,
20997018,
20997100,
20997323,
20997511,
20997968,
20997982,
20998210,
20998314,
20998339,
20998542,
20999071,
20999273,
20999308,
20999873,
21000315,
21000404,
21000451,
21000883,
21001348,
21001364,
21001553,
21001641,
21001729,
21001911,
21002567,
21003046,
21003080,
21003132,
21003364,
21003411,
21003555,
21003720,
21003876,
21003949,
21004003,
21004228,
21004292,
21004344,
21004588,
21005672,
21005784,
21005971,
21006324,
21006396,
21006490,
21006900,
21007046,
21007271,
21007359,
21007565,
21007620,
21007893,
21008116,
21008177,
21008243,
21008382,
21008636,
21008724,
21008732,
21008770,
21009059,
21009062,
21009123,
21009294,
21009313,
21009534,
21009825,
21010497,
21010557,
21010562,
21010902,
21010990,
21011010,
21011730,
21011869,
21011913,
21012156,
21012461,
21012741,
21012916,
21013124,
21013669,
21013688,
21014052,
21014103,
21014354,
21014471,
21015175,
21015490,
21015919,
21016104,
21016281,
21016658,
21016990,
21017038,
21017390,
21017647,
21018107,
21018836,
21018956,
21018996,
21019008,
21019041,
21019169,
21019215,
21019289,
21019317,
21019680,
21019689,
21019967,
21020047,
21020331,
21020541,
21020735,
21021279,
21021289,
21021428,
21021600,
21021716,
21022190,
21022722,
21022983,
21023123,
21023475,
21024019,
21024123,
21024192,
21024656,
21025377,
21025480,
21025549,
21025613,
21025617,
21025677,
21025769,
21025901,
21025982,
21026013,
21026102,
21026210,
21026233,
21026262,
21026342,
21026986,
21027005,
21027549,
21027605,
21027739,
21028204,
21028366,
21028665,
21028984,
21029109,
21029112,
21029349,
21029453,
21030167,
21030433,
21030609,
21030754,
21030811,
21030993,
21031007,
21031017,
21031557,
21031662,
21031782,
21031784,
21031857,
21031998,
21032234,
21032342,
21032621,
21032843,
21032851,
21033180,
21033970,
21034075,
21034281,
21034803,
21034847,
21034895,
21035132,
21035172,
21035215,
21035263,
21035337,
21035496,
21035588,
21035619,
21035620,
21035720,
21035936,
21035976,
21036026,
21036238,
21036457,
21036519,
21036703,
21036733,
21036735,
21036934,
21037083,
21037118,
21037434,
21037460,
21037667,
21037851,
21037875,
21037905,
21037919,
21037963,
21038042,
21038254,
21038334,
21038337,
21038433,
21038481,
21038592,
21038696,
21038810,
21039030,
21039086,
21039093,
21039240,
21039293,
21039309,
21039333,
21039377,
21039771,
21039999,
21040119,
21040164,
21040178,
21040221,
21040230,
21040341,
21040773,
21040821,
21040851,
21041173,
21041193,
21041478,
21041583,
21041928,
21042011,
21042139,
21042237,
21042414,
21042486,
21042826,
21042830,
21043107,
21043122,
21043215,
21043233,
21043371,
21043592,
21043743,
21043970,
21044000,
21044126,
21044172,
21044218,
21044428,
21044773,
21044984,
21045016,
21045032,
21045159,
21045428,
21045456,
21045497,
21045705,
21046189,
21046904,
21046972,
21047100,
21047269,
21047324,
21047864,
21048103,
21048561,
21048563,
21048745,
21048790,
21048977,
21049089,
21049307,
21049592,
21049854,
21049890,
21050398,
21050415,
21050467,
21050511,
21050624,
21050671,
21050814,
21051055,
21051217,
21051305,
21051361,
21051745,
21051962,
21052217,
21052232,
21052338,
21052846,
21052977,
21053186,
21053621,
21053777,
21053901,
21053973,
21054031,
21054206,
21054378,
21054434,
21054469,
21054689,
21054813,
21055290,
21055355,
21055795,
21055805,
21055824,
21055919,
21055945,
21055975,
21055981,
21056101,
21056280,
21056328,
21056751,
21056807,
21056842,
21056887,
21056904,
21056931,
21057269,
21057569,
21057581,
21057672,
21057906,
21058190,
21058281,
21058491,
21058690,
21058839,
21059199,
21060209,
21060222,
21060450,
21060557,
21060945,
21061240,
21061569,
21061698,
21061714,
21061897,
21062092,
21062142,
21062172,
21062401,
21062847,
21063123,
21063279,
21063314,
21063499,
21063527,
21063563,
21063924,
21064351,
21064572,
21065167,
21065629,
21065649,
21066545,
21066801,
21066858,
21067016,
21067354,
21067836,
21068101,
21068345,
21068368,
21068396,
21068403,
21068675,
21068750,
21068805,
21068972,
21069138,
21069187,
21069210,
21069296,
21069309,
21069495,
21069501,
21069569,
21069578,
21069633,
21070006,
21070382,
21070385,
21070461,
21070911,
21071087,
21071551,
21071568,
21071853,
21071859,
21071869,
21072028,
21072033,
21072603,
21072654,
21073311,
21073492,
21073528,
21073793,
21073822,
21074419,
21074574,
21075004,
21075038,
21075044,
21075055,
21075116,
21075524,
21075637,
21075748,
21076108,
21076449,
21076479,
21076520,
21076805,
21076959,
21077013,
21077462,
21077505,
21077518,
21077530,
21077655,
21077702,
21077771,
21077815,
21077895,
21078201,
21078245,
21078304,
21078337,
21078377,
21078468,
21078520,
21078552,
21078629,
21078658,
21078678,
21078892,
21078936,
21078948,
21078984,
21079077,
21079161,
21079233,
21079297,
21079356,
21079384,
21079455,
21079560,
21079572,
21079584,
21079588,
21079627,
21079659,
21079696,
21079716,
21079803,
21079813,
21079893,
21079969,
21080001,
21080006,
21080021,
21080210,
21080243,
21080344,
21080434,
21080480,
21080502,
21080507,
21080621,
21080636,
21080705,
21080751,
21080871,
21081013,
21081066,
21081169,
21081413,
21081441,
21081561,
21081600,
21081630,
21081786,
21081978,
21082069,
21082078,
21082142,
21082233,
21082251,
21082628,
21082664,
21082753,
21082787,
21082812,
21082862,
21083208,
21083377,
21083675,
21083709,
21084193,
21084213,
21084236,
21084380,
21084483,
21084771,
21084817,
21084912,
21084941,
21085085,
21085168,
21085237,
21085311,
21085343,
21085549,
21085619,
21085780,
21085799,
21085890,
21085894,
21086066,
21086310,
21086502,
21086530,
21086766,
21086914,
21086940,
21087176,
21087240,
21087738,
21087758,
21087866,
21087982,
21087985,
21088061,
21088071,
21088266,
21088481,
21088777,
21088797,
21089125,
21089178,
21089197,
21089317,
21089597,
21089854,
21090195,
21090501,
21090525,
21090551,
21090804,
21090944,
21090988,
21091184,
21091233,
21091442,
21091718,
21091949,
21091998,
21092067,
21092324,
21092620,
21093083,
21093168,
21093411,
21093540,
21093597,
21093605,
21093659,
21093663,
21093731,
21093800,
21093807,
21093863,
21093875,
21094345,
21094505,
21094549,
21094554,
21094778,
21095039,
21095042,
21095375,
21095402,
21095648,
21095742,
21095882,
21095972,
21095996,
21096114,
21096321,
21096368,
21096490,
21096880,
21097081,
21097100,
21097370,
21097383,
21097467,
21097868,
21098171,
21098337,
21098377,
21098480,
21098595,
21098817,
21099128,
21099234,
21099244,
21099528,
21099561,
21099759,
21100017,
21100258,
21100442,
21100846,
21100926,
21100946,
21100982,
21101293,
21101485,
21101716,
21101742,
21101783,
21101945,
21102813,
21102863,
21102993,
21103047,
21103161,
21103535,
21103708,
21103841,
21103858,
21103894,
21103897,
21104066,
21104189,
21104286,
21104377,
21104380,
21104500,
21104817,
21105158,
21105273,
21105304,
21105448,
21105492,
21105679,
21105699,
21105906,
21106047,
21106198,
21106272,
21106424,
21106882,
21106995,
21107080,
21107216,
21107639,
21107699,
21107782,
21107854,
21108215,
21108256,
21108343,
21108416,
21108421,
21108563,
21108768,
21108815,
21108847,
21108953,
21109011,
21109115,
21109191,
21109215,
21109400,
21109403,
21109553,
21109779,
21109881,
21109926,
21109971,
21110071,
21110085,
21110092,
21110186,
21110291,
21110311,
21110326,
21110854,
21110983,
21111123,
21111594,
21111668,
21111798,
21111831,
21111978,
21112401,
21112420,
21112521,
21113262,
21113350,
21113860,
21114183,
21114323,
21114470,
21114649,
21114695,
21114882,
21115376,
21115384,
21115465,
21115729,
21115945,
21115984,
21116106,
21116525,
21116833,
21117046,
21117092,
21117313,
21117349,
21117510,
21117740,
21117777,
21118086,
21118225,
21118365,
21118634,
21118757,
21118777,
21119580,
21120105,
21120119,
21120181,
21121340,
21121384,
21122225,
21122290,
21122472,
21122568,
21122767,
21123156,
21123195,
21123202,
21123253,
21123297,
21123300,
21123502,
21123593,
21123658,
21123819,
21124007,
21124122,
21124366,
21124606,
21124779,
21124797,
21124917,
21124961,
21125113,
21125369,
21125416,
21125512,
21125585,
21125623,
21125766,
21125788,
21126767,
21126923,
21127047,
21127302,
21127390,
21127695,
21127725,
21127727,
21127891,
21128001,
21128043,
21128071,
21128080,
21128167,
21128315,
21128329,
21128564,
21128614,
21128675,
21129032,
21129105,
21129285,
21129446,
21129468,
21129732,
21130471,
21131003,
21132606,
21132681,
21133285,
21133745,
21134053,
21134060,
21134419,
21134772,
21135187,
21135319,
21135555,
21136016,
21136072,
21136190,
21136300,
21136323,
21136390,
21136467,
21136562,
21136828,
21136929,
21136984,
21137275,
21137307,
21137387,
21137551,
21137806,
21137881,
21138068,
21138218,
21138294,
21138573,
21138582,
21138734,
21138737,
21138782,
21138808,
21139258,
21139478,
21139545,
21139685,
21139742,
21139860,
21140231,
21140440,
21140657,
21140760,
21140933,
21141274,
21141370,
21141526,
21141597,
21142472,
21142657,
21142694,
21143043,
21143091,
21143129,
21143339,
21143355,
21143359,
21144002,
21144158,
21144180,
21144995,
21145092,
21145269,
21145568,
21145908,
21146191,
21146300,
21146569,
21146600,
21146703,
21146777,
21146976,
21147295,
21147595,
21147737,
21147913,
21148230,
21148350,
21148509,
21148517,
21148682,
21149036,
21149071,
21149231,
21149306,
21149319,
21149425,
21149457,
21149782,
21149971,
21150465,
21150585,
21150722,
21150725,
21150765,
21151057,
21151519,
21151555,
21151683,
21151768,
21151778,
21151815,
21151949,
21152085,
21152358,
21152459,
21152592,
21152603,
21152672,
21153068,
21153131,
21153176,
21153367,
21153407,
21153508,
21153721,
21153759,
21154196,
21154292,
21154544,
21154791,
21154910,
21155260,
21155314,
21155576,
21155798,
21156008,
21156026,
21156033,
21156370,
21156490,
21156522,
21156562,
21156655,
21156741,
21156778,
21156871,
21157159,
21157187,
21157209,
21157258,
21157566,
21157977,
21158708,
21159328,
21159348,
21160371,
21161018,
21161034,
21161254,
21161628,
21161845,
21161973,
21162035,
21162048,
21162073,
21162105,
21162216,
21162404,
21162651,
21162911,
21162960,
21163001,
21163239,
21163343,
21163359,
21163683,
21163967,
21164034,
21164102,
21164148,
21164379,
21164452,
21164544,
21164701,
21164721,
21164745,
21164955,
21165116,
21165243,
21165331,
21165466,
21165612,
21166089,
21166380,
21166488,
21166521,
21166621,
21166779,
21166797,
21166936,
21167421,
21167472,
21167554,
21167568,
21167721,
21167736,
21167899,
21168108,
21168213,
21168230,
21168241,
21168509,
21168521,
21168713,
21168984,
21169075,
21169527,
21169714,
21169753,
21170015,
21170144,
21170454,
21170681,
21170851,
21171062,
21171162,
21171207,
21171394,
21171494,
21171732,
21171802,
21171880,
21171954,
21172053,
21172072,
21172179,
21172394,
21172496,
21172541,
21172803,
21172804,
21173159,
21173402,
21173424,
21173585,
21173703,
21173720,
21173864,
21173877,
21174289,
21174309,
21174489,
21174589,
21174591,
21174840,
21174846,
21175003,
21175036,
21175067,
21175169,
21175236,
21175302,
21175415,
21175876,
21175970,
21176264,
21176324,
21176477,
21176551,
21177077,
21177218,
21177258,
21177310,
21177474,
21177523,
21177625,
21178085,
21178113,
21178121,
21178142,
21178317,
21178460,
21178581,
21178624,
21178857,
21179156,
21179276,
21179444,
21179561,
21179653,
21179728,
21179873,
21179901,
21179921,
21179989,
21180009,
21180019,
21180055,
21180480,
21180991,
21181115,
21181209,
21181660,
21182465,
21182523,
21182730,
21182860,
21182888,
21183010,
21183036,
21183057,
21183557,
21183574,
21183708,
21183812,
21184249,
21184657,
21184837,
21185004,
21185012,
21185028,
21185169,
21185415,
21185899,
21185970,
21186104,
21186176,
21186783,
21186801,
21186889,
21186917,
21187173,
21187234,
21187461,
21187581,
21187778,
21188512,
21188519,
21188529,
21188546,
21188594,
21189001,
21189708,
21189854,
21190105,
21190946,
21191127,
21191466,
21191526,
21191762,
21191853,
21191926,
21192115,
21192392,
21192420,
21192618,
21192718,
21192782,
21193083,
21193328,
21193347,
21193394,
21193635,
21193691,
21193721,
21193739,
21193755,
21193914,
21193972,
21194180,
21194244,
21194377,
21194485,
21194717,
21194798,
21195017,
21195037,
21195091,
21195158,
21195363,
21195603,
21195658,
21196070,
21196091,
21196154,
21196374,
21196476,
21196485,
21197023,
21197200,
21197214,
21197264,
21197287,
21197439,
21197493,
21197530,
21197585,
21197593,
21197693,
21197745,
21197978,
21198108,
21198269,
21198583,
21198675,
21199017,
21199074,
21199169,
21199239,
21199360,
21199382,
21199449,
21199546,
21199562,
21199727,
21200026,
21200031,
21200163,
21200200,
21200316,
21200452,
21200799,
21201024,
21201053,
21201277,
21201285,
21201779,
21201813,
21201815,
21201929,
21202029,
21202582,
21202714,
21202891,
21203081,
21203088,
21203123,
21203249,
21203573,
21203576,
21203584,
21204141,
21204146,
21204198,
21204440,
21204488,
21204560,
21204647,
21205113,
21205392,
21205444,
21205449,
21205627,
21205898,
21206170,
21206424,
21206682,
21206930,
21207403,
21207607,
21207832,
21208115,
21208357,
21208946,
21209727,
21209937,
21210165,
21210321,
21210389,
21210436,
21210800,
21210948,
21211348,
21211521,
21211689,
21211856,
21212110,
21212733,
21213505,
21213810,
21213914,
21214073,
21214250,
21214394,
21214643,
21215217,
21216253,
21216613,
21216860,
21216953,
21217180,
21217238,
21217356,
21217369,
21217500,
21217604,
21217652,
21217712,
21217714,
21217957,
21218527,
21219083,
21219198,
21219564,
21219611,
21219777,
21219785,
21219797,
21219895,
21220013,
21220050,
21220194,
21220262,
21220646,
21220671,
21220861,
21221247,
21221475,
21222109,
21222125,
21222158,
21222235,
21222440,
21222523,
21222759,
21223613,
21223994,
21224084,
21224273,
21224448,
21224855,
21225167,
21225270,
21225431,
21225446,
21225539,
21225788,
21226170,
21226177,
21226649,
21226833,
21227513,
21227782,
21227930,
21227993,
21228120,
21228152,
21228457,
21228544,
21228568,
21228662,
21228718,
21228722,
21228975,
21229293,
21229427,
21229878,
21230642,
21230757,
21230940,
21231317,
21231416,
21231709,
21231871,
21232098,
21232380,
21232606,
21233023,
21233143,
21233329,
21234650,
21234725,
21235274,
21235404,
21235699,
21235772,
21235994,
21236006,
21236090,
21236448,
21236538,
21237010,
21237078,
21237151,
21237343,
21237415,
21237546,
21239003,
21239705,
21240223,
21240438,
21240997,
21241255,
21241279,
21241490,
21241672,
21242358,
21242487,
21242544,
21242658,
21242760,
21242993,
21243162,
21243382,
21243594,
21243818,
21243880,
21243980,
21244314,
21244366,
21244553,
21244559,
21244659,
21244869,
21244949,
21245070,
21245110,
21245170,
21245389,
21245461,
21245534,
21245898,
21246043,
21246212,
21246289,
21246439,
21246555,
21246746,
21247173,
21247512,
21247773,
21247796,
21248261,
21248393,
21248421,
21248433,
21248581,
21249260,
21250238,
21250551,
21250585,
21250658,
21250708,
21250808,
21250841,
21251077,
21251166,
21251307,
21251429,
21251566,
21251673,
21251872,
21251947,
21252007,
21252198,
21252392,
21252440,
21253015,
21253398,
21253411,
21254268,
21254435,
21255258,
21255370,
21255462,
21255621,
21255637,
21256271,
21256412,
21257521,
21257642,
21257686,
21257784,
21258026,
21258291,
21258527,
21258550,
21258625,
21258672,
21259177,
21259187,
21259222,
21259325,
21259545,
21259563,
21259690,
21259855,
21260672,
21260742,
21260908,
21261369,
21261398,
21261945,
21262337,
21262482,
21262501,
21262586,
21262600,
21263030,
21263052,
21263379,
21263577,
21263728,
21263821,
21264002,
21264174,
21264418,
21264515,
21264566,
21264603,
21264839,
21264907,
21264935,
21264978,
21265038,
21265232,
21265495,
21265543,
21265838,
21265946,
21266703,
21267166,
21267506,
21267754,
21267791,
21267941,
21268626,
21269207,
21269664,
21269683,
21270394,
21270777,
21270972,
21272018,
21272693,
21273261,
21273302,
21273375,
21273447,
21273557,
21273615,
21273792,
21274064,
21274303,
21274698,
21274781,
21274937,
21275162,
21276101,
21276149,
21276167,
21276398,
21276401,
21276954,
21277157,
21277536,
21277811,
21278016,
21278187,
21278213,
21278299,
21278353,
21278613,
21278674,
21278937,
21278970,
21278990,
21279155,
21279231,
21279341,
21279350,
21279483,
21279666,
21279867,
21279972,
21280086,
21280125,
21280134,
21280180,
21280278,
21280346,
21280452,
21280919,
21280973,
21280974,
21281135,
21281160,
21281358,
21281401,
21281688,
21281720,
21281730,
21282005,
21282150,
21282282,
21282290,
21282310,
21282783,
21282861,
21282872,
21283117,
21283286,
21284022,
21285490,
21286197,
21286455,
21286639,
21286775,
21287031,
21287454,
21287473,
21287837,
21288011,
21288108,
21288682,
21288910,
21288967,
21289214,
21289221,
21289749,
21289826,
21290455,
21290709,
21290968,
21291497,
21291762,
21291872,
21292596,
21292873,
21293818,
21293881,
21294148,
21295087,
21295180,
21295256,
21295620,
21295947,
21296065,
21296555,
21297016,
21297747,
21298072,
21298131,
21298645,
21299106,
21299337,
21299756,
21299856,
21299896,
21300113,
21300187,
21300327,
21300458,
21300459,
21300939,
21301175,
21301333,
21301460,
21301707,
21302045,
21302072,
21302280,
21302546,
21302677,
21303004,
21303042,
21303343,
21303897,
21304099,
21304123,
21304230,
21305107,
21305905,
21306276,
21306604,
21306654,
21306705,
21307575,
21307789,
21307826,
21308683,
21309059,
21309657,
21309703,
21310200,
21311187,
21311262,
21311307,
21311367,
21311606,
21311701,
21311761,
21311886,
21311914,
21312017,
21312347,
21312595,
21312628,
21313268,
21313623,
21313979,
21314216,
21314339,
21314455,
21314932,
21315440,
21315463,
21315560,
21315871,
21316330,
21316402,
21316555,
21316911,
21317759,
21318498,
21318542,
21318586,
21318715,
21318822,
21319170,
21319567,
21320269,
21320420,
21320846,
21320959,
21321054,
21321329,
21322135,
21322777,
21322814,
21322962,
21323572,
21323574,
21323582,
21323732,
21323852,
21324008,
21324048,
21324100,
21324211,
21324525,
21324782,
21325020,
21325083,
21325094,
21325893,
21326157,
21326528,
21326539,
21326723,
21326730,
21326756,
21326840,
21327011,
21327224,
21327331,
21327504,
21327621,
21327756,
21327869,
21327948,
21328001,
21328082,
21328141,
21328316,
21328527,
21328650,
21328822,
21328871,
21328957,
21329065,
21329244,
21329270,
21329385,
21329583,
21329595,
21329680,
21329736,
21329946,
21330127,
21330177,
21330331,
21330510,
21330784,
21330947,
21330990,
21331044,
21331103,
21331131,
21331525,
21331628,
21331629,
21331650,
21331752,
21331820,
21331828,
21331891,
21332097,
21332101,
21332133,
21332237,
21332515,
21333006,
21333483,
21333630,
21333639,
21333731,
21333907,
21334074,
21334191,
21334204,
21334389,
21334395,
21334444,
21334591,
21334764,
21335030,
21335383,
21335527,
21335656,
21335694,
21336071,
21336419,
21336459,
21336999,
21337033,
21337120,
21337181,
21337483,
21337515,
21337563,
21337630,
21337823,
21337908,
21337916,
21337955,
21338113,
21338124,
21338187,
21338203,
21338482,
21338492,
21338679,
21338702,
21338743,
21338774,
21338922,
21339020,
21339141,
21339211,
21339298,
21339310,
21339990,
21340215,
21340487,
21340972,
21340987,
21341099,
21341458,
21341603,
21341696,
21341785,
21342529,
21342612,
21342828,
21343256,
21343328,
21343359,
21343518,
21343913,
21344256,
21344423,
21345039,
21345086,
21345252,
21345501,
21345555,
21345560,
21345617,
21345638,
21345694,
21346123,
21346242,
21346267,
21346346,
21346670,
21346782,
21346827,
21346841,
21347277,
21347325,
21348027,
21348794,
21349031,
21349281,
21349318,
21349474,
21349517,
21349830,
21349970,
21350020,
21350138,
21350283,
21350757,
21350785,
21350865,
21350901,
21350904,
21351184,
21351384,
21351481,
21351564,
21351720,
21352220,
21352228,
21352276,
21352355,
21352403,
21352431,
21352457,
21352471,
21352491,
21352608,
21352639,
21352783,
21352869,
21352880,
21352919,
21353001,
21353025,
21353046,
21353269,
21353290,
21353296,
21353340,
21353404,
21353479,
21353552,
21353718,
21354274,
21354328,
21354822,
21354874,
21355294,
21355498,
21355585,
21355794,
21356057,
21356198,
21356400,
21356891,
21356993,
21357117,
21357891,
21357903,
21358801,
21358955,
21359007,
21359178,
21359179,
21359263,
21359365,
21359413,
21359420,
21359433,
21359473,
21359735,
21359892,
21360129,
21360189,
21360228,
21360285,
21360441,
21360634,
21360663,
21360710,
21360738,
21360744,
21361120,
21361310,
21361571,
21361828,
21362128,
21362274,
21362418,
21362812,
21362994,
21363031,
21363283,
21363525,
21363810,
21363984,
21364094,
21364198,
21364562,
21364660,
21365030,
21365048,
21365074,
21365463,
21365542,
21365705,
21365924,
21366166,
21366295,
21366408,
21366609,
21367014,
21367489,
21368966,
21369012,
21369101,
21369323,
21369374,
21369409,
21369631,
21369726,
21370002,
21370074,
21370122,
21370239,
21370265,
21370282,
21370398,
21370500,
21371092,
21371367,
21371448,
21371631,
21371719,
21371726,
21371800,
21371854,
21372025,
21372221,
21372325,
21372588,
21372638,
21372805,
21373093,
21373624,
21373668,
21374087,
21374163,
21374312,
21374510,
21374549,
21374604,
21374809,
21374826,
21374869,
21374998,
21375774,
21375860,
21376003,
21376099,
21376114,
21376340,
21376399,
21376453,
21376521,
21376886,
21377323,
21377474,
21377500,
21377536,
21377638,
21377857,
21378317,
21378541,
21378614,
21378649,
21378965,
21378984,
21379173,
21379191,
21379224,
21379284,
21379289,
21379350,
21379762,
21379985,
21380158,
21380354,
21380794,
21380853,
21380978,
21381316,
21381461,
21382173,
21382188,
21382665,
21382680,
21382777,
21382873,
21383064,
21383533,
21383745,
21384166,
21384337,
21384641,
21384714,
21385108,
21385332,
21385778,
21386182,
21386445,
21386579,
21386791,
21386797,
21386929,
21386993,
21387216,
21387517,
21387603,
21387781,
21387785,
21388047,
21388154,
21388452,
21388687,
21389047,
21389564,
21389605,
21389641,
21389845,
21389912,
21389936,
21389946,
21390333,
21390337,
21391572,
21391605,
21391616,
21391655,
21392259,
21392437,
21392576,
21392876,
21392979,
21393364,
21393421,
21393483,
21393645,
21394221,
21394223,
21394258,
21394579,
21395148,
21395467,
21395612,
21395637,
21395864,
21395872,
21395933,
21395979,
21396139,
21396580,
21396764,
21396792,
21396982,
21397093,
21397177,
21397470,
21397490,
21397517,
21397947,
21398061,
21398446,
21398751,
21398771,
21398859,
21399244,
21399428,
21399998,
21400754,
21401401,
21401657,
21401819,
21402318,
21402426,
21402508,
21402596,
21402643,
21402749,
21402813,
21402845,
21403402,
21403549,
21403704,
21404067,
21404139,
21404268,
21404438,
21404670,
21404725,
21405193,
21405492,
21405562,
21405705,
21405720,
21405880,
21406740,
21406785,
21406909,
21406911,
21406999,
21407394,
21407671,
21407732,
21407782,
21407940,
21408239,
21409103,
21409144,
21409549,
21409722,
21411051,
21411129,
21411169,
21411548,
21412063,
21412074,
21412442,
21412591,
21412633,
21413251,
21413383,
21413454,
21413529,
21413682,
21413806,
21414114,
21414182,
21414275,
21414315,
21414335,
21414364,
21415028,
21415117,
21415160,
21415716,
21415754,
21415768,
21415788,
21416013,
21416105,
21416324,
21416673,
21417204,
21417979,
21418015,
21418104,
21418362,
21418490,
21418544,
21418620,
21418882,
21419018,
21419034,
21419109,
21420064,
21420182,
21420851,
21420902,
21420976,
21421078,
21421117,
21421238,
21421257,
21421912,
21421928,
21422029,
21422031,
21422775,
21422793,
21423091,
21423370,
21423375,
21423887,
21424375,
21425182,
21425241,
21425432,
21425610,
21425819,
21426384,
21426453,
21426611,
21427428,
21427588,
21427802,
21428089,
21428269,
21428507,
21428771,
21429145,
21429838,
21430212,
21430583,
21430621,
21430770,
21430995,
21431359,
21431430,
21432092,
21432120,
21432181,
21432527,
21433689,
21433875,
21433967,
21435348,
21435445,
21435668,
21436035,
21436187,
21436194,
21436450,
21436472,
21436485,
21437375,
21437659,
21437907,
21438259,
21438744,
21439309,
21439735,
21440231,
21440878,
21441023,
21442237,
21442293,
21442737,
21443044,
21443048,
21443145,
21443148,
21444310,
21445431,
21445872,
21446106,
21446229,
21446349,
21446641,
21446707,
21447003,
21447243,
21447681,
21447745,
21448731,
21449272,
21449548,
21449774,
21449779,
21450139,
21450189,
21450281,
21450636,
21450665,
21450714,
21451195,
21451328,
21451456,
21451748,
21451889,
21451976,
21452078,
21452187,
21452199,
21452265,
21452376,
21452393,
21452714,
21452720,
21452801,
21452846,
21453849,
21454194,
21454372,
21455346,
21455352,
21455799,
21455817,
21456761,
21457295,
21457327,
21457731,
21458330,
21458357,
21458475,
21458600,
21458721,
21458907,
21458924,
21458927,
21458991,
21459149,
21459158,
21459206,
21460232,
21460755,
21460954,
21461046,
21461136,
21461156,
21461264,
21461459,
21461573,
21461625,
21461785,
21461872,
21463140,
21463408,
21463452,
21463472,
21463624,
21464421,
21464457,
21464752,
21465457,
21465635,
21466059,
21466390,
21466549,
21466745,
21466780,
21466819,
21467181,
21467554,
21467743,
21468164,
21468310,
21468576,
21468804,
21468851,
21469072,
21469300,
21469646,
21470131,
21470151,
21470175,
21470241,
21470563,
21471371,
21471470,
21471623,
21471707,
21472458,
21472678,
21472753,
21472801,
21473571,
21473586,
21473626,
21473782,
21473847,
21474107,
21474317,
21474880,
21474953,
21475592,
21475690,
21475714,
21475981,
21476217,
21476443,
21476689,
21476730,
21477515,
21477726,
21478089,
21479091,
21479439,
21479484,
21479800,
21479858,
21479906,
21479925,
21479946,
21480202,
21480586,
21480598,
21480789,
21480878,
21480968,
21481436,
21481473,
21481800,
21481811,
21482138,
21482254,
21482268,
21482371,
21482660,
21482779,
21482793,
21482829,
21482919,
21483053,
21483173,
21483590,
21483838,
21484135,
21484186,
21484217,
21484295,
21484783,
21484833,
21484977,
21484983,
21484994,
21485002,
21485106,
21485271,
21485432,
21485448,
21485778,
21486650,
21486654,
21486757,
21487167,
21487207,
21487251,
21487370,
21488102,
21488109,
21488247,
21488492,
21488948,
21488966,
21489458,
21489873,
21489914,
21490092,
21491022,
21491725,
21491889,
21492019,
21492077,
21492104,
21492609,
21493141,
21493294,
21494548,
21494823,
21494835,
21494973,
21495219,
21495300,
21495435,
21496541,
21496947,
21497033,
21497059,
21497407,
21497669,
21497817,
21498047,
21498681,
21498770,
21499124,
21499194,
21499239,
21499255,
21499392,
21499635,
21500359,
21500633,
21501206,
21501266,
21501876,
21502601,
21502927,
21503355,
21503650,
21503954,
21503958,
21504318,
21504337,
21504369,
21504378,
21504665,
21504806,
21504849,
21505102,
21505397,
21505465,
21505526,
21505547,
21505667,
21505726,
21505758,
21505763,
21506036,
21506485,
21506627,
21507405,
21507458,
21507712,
21507739,
21507791,
21507813,
21507925,
21507971,
21508080,
21508217,
21508396,
21508405,
21508456,
21508465,
21508495,
21508578,
21508960,
21509186,
21509207,
21509513,
21510477,
21510538,
21510576,
21510981,
21511057,
21511234,
21511890,
21512200,
21512335,
21512348,
21512598,
21512818,
21513849,
21513983,
21514030,
21514086,
21514284,
21514401,
21514424,
21514601,
21514614,
21514623,
21514675,
21514788,
21514873,
21515204,
21515265,
21515511,
21515724,
21516601,
21517347,
21517441,
21517753,
21518108,
21518404,
21519565,
21519644,
21519943,
21519999,
21520454,
21520533,
21521377,
21521860,
21522122,
21522181,
21522417,
21522523,
21522891,
21523416,
21524098,
21524157,
21524382,
21524559,
21524711,
21525150,
21525294,
21525599,
21527667,
21527702,
21527874,
21528129,
21529398,
21530393,
21531153,
21531269,
21531288,
21531560,
21532094,
21532326,
21532626,
21532979,
21533312,
21533485,
21533511,
21533924,
21533976,
21534386,
21534450,
21534779,
21535345,
21535482,
21535514,
21535519,
21535619,
21536145,
21536579,
21536996,
21537683,
21537873,
21538534,
21538897,
21539547,
21539766,
21540799,
21541022,
21541287,
21541407,
21541647,
21542017,
21542174,
21542329,
21542748,
21543580,
21543642,
21543655,
21544634,
21545922,
21546079,
21546220,
21546338,
21546424,
21546444,
21547209,
21547327,
21547399,
21547718,
21548161,
21548270,
21549348,
21549727,
21550069,
21550242,
21550359,
21550384,
21550931,
21551244,
21551258,
21551276,
21551494,
21551644,
21551707,
21551915,
21551929,
21551954,
21552482,
21552523,
21552535,
21553113,
21553402,
21553819,
21554048,
21554268,
21554292,
21555595,
21555674,
21555785,
21556506,
21556776,
21556810,
21556964,
21557086,
21557196,
21557303,
21557500,
21557616,
21557867,
21558099,
21558415,
21558851,
21558954,
21558971,
21559287,
21559294,
21559937,
21559987,
21560283,
21560373,
21560663,
21561015,
21561529,
21562054,
21562230,
21562478,
21562546,
21562779,
21563564,
21563574,
21563699,
21564000,
21564095,
21564400,
21564468,
21564600,
21565166,
21565691,
21565799,
21565889,
21565953,
21566080,
21566234,
21566277,
21566390,
21566730,
21566975,
21567062,
21567105,
21567263,
21567384,
21567398,
21567806,
21567926,
21568161,
21568308,
21568589,
21569019,
21569677,
21570154,
21570346,
21570422,
21571055,
21572155,
21572322,
21572519,
21572564,
21572577,
21572918,
21573062,
21573374,
21573463,
21573573,
21573689,
21574129,
21574178,
21574543,
21574871,
21575155,
21575745,
21576537,
21577212,
21577416,
21577431,
21577578,
21577606,
21579573,
21579589,
21579651,
21579826,
21579965,
21580022,
21580255,
21580281,
21581036,
21581400,
21582526,
21583014,
21583128,
21583424,
21583945,
21584051,
21584216,
21584484,
21584505,
21584889,
21584921,
21584996,
21585099,
21585162,
21586323,
21586503,
21586767,
21586850,
21587190,
21587457,
21587476,
21587548,
21587873,
21588078,
21588262,
21588275,
21588451,
21589088,
21589576,
21589650,
21589889,
21589915,
21589931,
21590188,
21590196,
21590901,
21591372,
21591426,
21591472,
21591813,
21591831,
21591907,
21592338,
21592438,
21592578,
21592646,
21592658,
21592833,
21593933,
21594017,
21594058,
21594069,
21594289,
21594427,
21594479,
21594614,
21594674,
21594890,
21594970,
21595006,
21595098,
21595130,
21595194,
21595217,
21595537,
21595967,
21596905,
21596968,
21597019,
21598076,
21598127,
21598194,
21598875,
21598986,
21599109,
21599210,
21599395,
21599460,
21599496,
21599645,
21599652,
21600497,
21600553,
21600712,
21601375,
21601608,
21601644,
21601818,
21602109,
21602243,
21603011,
21603040,
21603945,
21604083,
21604292,
21604872,
21605620,
21605801,
21606145,
21606576,
21606808,
21606851,
21607169,
21607435,
21607454,
21607625,
21607719,
21607736,
21607740,
21608443,
21608523,
21608831,
21608843,
21608922,
21609836,
21609915,
21610073,
21612398,
21612688,
21612702,
21613181,
21613303,
21613434,
21614409,
21614553,
21614576,
21614824,
21615403,
21615459,
21615577,
21615789,
21616370,
21616650,
21617041,
21617310,
21618048,
21618330,
21618605,
21618746,
21618824,
21619230,
21619279,
21619347,
21619791,
21619915,
21620055,
21620436,
21620561,
21620779,
21623084,
21623868,
21624723,
21624745,
21624931,
21625061,
21625680,
21626641,
21626983,
21627164,
21627498,
21627596,
21628307,
21628542,
21628735,
21629073,
21629109,
21629697,
21629886,
21629959,
21629989,
21630005,
21630677,
21630889,
21631453,
21631847,
21631983,
21632144,
21632947,
21633569,
21633957,
21634134,
21634151,
21634278,
21634624,
21635123,
21635279,
21635673,
21635853,
21635949,
21636690,
21636936,
21636939,
21637607,
21637726,
21638490,
21638739,
21639600,
21639848,
21641036,
21641727,
21642120,
21642246,
21642447,
21642644,
21642825,
21642962,
21642968,
21643493,
21643645,
21644175,
21644324,
21645411,
21645626,
21645747,
21646398,
21646453,
21647366,
21647778,
21648231,
21648587,
21648825,
21648874,
21649491,
21650771,
21650840,
21650843,
21651705,
21652022,
21652070,
21652286,
21652382,
21652726,
21652757,
21652833,
21652995,
21653407,
21653548,
21653605,
21653664,
21653942,
21654034,
21654618,
21654842,
21655017,
21655347,
21655451,
21655683,
21655759,
21655839,
21656116,
21656280,
21656304,
21656604,
21657036,
21657360,
21657591,
21657699,
21658241,
21658698,
21658870,
21659037,
21659208,
21659270,
21660413,
21660913,
21661509,
21661622,
21661838,
21662240,
21662377,
21662403,
21662564,
21663623,
21663719,
21664124,
21664261,
21664401,
21664913,
21665196,
21665546,
21666620,
21666644,
21667083,
21667998,
21668152,
21669242,
21669317,
21669425,
21670778,
21672573,
21673309,
21673329,
21673617,
21673843,
21674602,
21674672,
21674690,
21674715,
21675135,
21675995,
21676295,
21676503,
21676713,
21676753,
21677286,
21677602,
21677607,
21678267,
21678786,
21679293,
21679631,
21679869,
21680171,
21680561,
21681211,
21681523,
21681676,
21681682,
21681742,
21682121,
21682579,
21682684,
21682980,
21683569,
21683909,
21683981,
21684194,
21684760,
21684833,
21685737,
21686170,
21686878,
21686880,
21687071,
21687219,
21687637,
21688128,
21688132,
21688238,
21688422,
21688969,
21689181,
21689237,
21689744,
21689879,
21689968,
21689973,
21690120,
21690124,
21690201,
21690208,
21690802,
21691094,
21691262,
21691615,
21691952,
21692200,
21692979,
21693069,
21693816,
21693889,
21694272,
21694563,
21695609,
21696456,
21696562,
21696574,
21696647,
21696773,
21697140,
21697492,
21698885,
21699068,
21700265,
21701515,
21702141,
21702380,
21702491,
21702852,
21703327,
21703869,
21704666,
21705111,
21705515,
21705812,
21706437,
21706499,
21706561,
21706571,
21707545,
21708461,
21709330,
21709560,
21709796,
21710074,
21710208,
21710268,
21710425,
21710765,
21710821,
21711562,
21711981,
21711993,
21712300,
21713040,
21713078,
21713524,
21713586,
21713693,
21713839,
21714125,
21714289,
21714393,
21714471,
21714537,
21714885,
21715291,
21715445,
21715990,
21716456,
21716584,
21717240,
21718235,
21718524,
21718552,
21718608,
21719400,
21719528,
21719666,
21719716,
21720033,
21720137,
21720181,
21720309,
21720332,
21720453,
21721219,
21721496,
21722436,
21722625,
21722676,
21723553,
21723672,
21723717,
21724016,
21724046,
21724566,
21724937,
21725338,
21725869,
21725880,
21725893,
21725933,
21726220,
21726237,
21727133,
21727992,
21728053,
21728252,
21728674,
21728912,
21729438,
21729937,
21729950,
21731319,
21731900,
21732011,
21732046,
21732306,
21732327,
21732675,
21733115,
21734524,
21734598,
21734688,
21735300,
21735464,
21736514,
21736760,
21738199,
21738360,
21738821,
21738884,
21739152,
21739458,
21739515,
21739521,
21739561,
21739583,
21739610,
21740311,
21740529,
21742143,
21742614,
21742754,
21743404,
21743582,
21744612,
21744686,
21744873,
21745008,
21745134,
21745734,
21745820,
21745836,
21746143,
21746731,
21746907,
21747184,
21748256,
21748506,
21749069,
21749498,
21749502,
21749803,
21749852,
21749865,
21750019,
21750069,
21750427,
21750449,
21750567,
21750729,
21751439,
21752878,
21753237,
21753389,
21753672,
21753840,
21753990,
21754352,
21754653,
21755233,
21755354,
21755651,
21756177,
21756254,
21756319,
21756553,
21756600,
21756666,
21757105,
21757532,
21757671,
21757716,
21757903,
21758246,
21758286,
21758289,
21758639,
21758795,
21758842,
21759147,
21759321,
21759636,
21759894,
21760255,
21760468,
21761085,
21761493,
21761642,
21761799,
21761888,
21761953,
21761990,
21762677,
21762948,
21762979,
21763269,
21763793,
21763882,
21764422,
21764703,
21764819,
21765050,
21765101,
21765409,
21765581,
21766136,
21766197,
21766219,
21766264,
21766292,
21766412,
21766508,
21766548,
21766560,
21766900,
21767162,
21767426,
21767770,
21767894,
21768163,
21768549,
21768730,
21769413,
21769473,
21769513,
21769525,
21769629,
21769701,
21769991,
21770291,
21770458,
21770948,
21771817,
21772210,
21772226,
21772316,
21772656,
21773259,
21773372,
21773670,
21773767,
21773994,
21774056,
21774200,
21774236,
21774292,
21774736,
21775175,
21775238,
21775496,
21775638,
21775854,
21776074,
21776767,
21776800,
21776875,
21777054,
21777127,
21777220,
21777702,
21777983,
21778202,
21778363,
21779581,
21780708,
21780744,
21780822,
21781240,
21781572,
21782436,
21782829,
21783388,
21783791,
21784092,
21784175,
21784562,
21784635,
21784755,
21785461,
21785664,
21785673,
21785724,
21786107,
21786111,
21786328,
21786419,
21786753,
21786877,
21787244,
21787290,
21787312,
21787346,
21787640,
21787773,
21787972,
21787980,
21788490,
21789140,
21789443,
21789460,
21789737,
21790057,
21790170,
21790209,
21790334,
21790424,
21790719,
21791618,
21792136,
21792488,
21792671,
21793161,
21793380,
21793428,
21793898,
21794137,
21794151,
21794163,
21794597,
21794645,
21794816,
21794852,
21794957,
21794996,
21795041,
21795392,
21795560,
21795996,
21796176,
21796772,
21797474,
21798385,
21798758,
21799117,
21799292,
21799635,
21799650,
21799763,
21799836,
21800662,
21800761,
21800959,
21801011,
21802609,
21802787,
21802839,
21803556,
21804433,
21805137,
21805240,
21805521,
21805744,
21806045,
21806118,
21806133,
21806159,
21806176,
21806293,
21806453,
21806636,
21806911,
21806918,
21806934,
21807211,
21807611,
21807729,
21808381,
21808565,
21810112,
21810567,
21810642,
21811029,
21811182,
21811509,
21811689,
21811812,
21812514,
21812791,
21812793,
21813603,
21814323,
21814373,
21814491,
21814874,
21814887,
21814950,
21814954,
21815096,
21815525,
21815652,
21815750,
21815765,
21816126,
21816175,
21816280,
21816438,
21817099,
21817258,
21817482,
21817685,
21817799,
21818200,
21818281,
21818903,
21819047,
21819153,
21819264,
21819295,
21819601,
21819662,
21819740,
21819833,
21820272,
21820683,
21820948,
21821218,
21821247,
21821268,
21821312,
21821425,
21821731,
21821754,
21821970,
21822157,
21822581,
21823261,
21823943,
21823962,
21824252,
21824423,
21824437,
21824662,
21824708,
21825050,
21825094,
21825516,
21825925,
21826266,
21827051,
21827072,
21827100,
21828380,
21828682,
21829291,
21829529,
21829606,
21829766,
21829780,
21830027,
21830187,
21830662,
21831210,
21831599,
21831612,
21832673,
21832833,
21833271,
21833985,
21834315,
21834420,
21834447,
21834898,
21835390,
21835534,
21836064,
21836224,
21836767,
21837066,
21837105,
21837508,
21837990,
21838007,
21838959,
21839013,
21839042,
21839502,
21839505,
21839561,
21839921,
21840903,
21840935,
21841366,
21841471,
21841593,
21841927,
21843280,
21843744,
21843847,
21844362,
21844723,
21844725,
21844742,
21844945,
21845161,
21845328,
21845393,
21845709,
21845725,
21845937,
21845970,
21846675,
21847186,
21847471,
21847794,
21848071,
21848396,
21848669,
21848709,
21848718,
21848968,
21849090,
21849738,
21850293,
21850359,
21850500,
21851225,
21851692,
21851808,
21851855,
21851912,
21852064,
21852206,
21852621,
21852636,
21852680,
21852711,
21852965,
21853292,
21853305,
21853416,
21853430,
21853562,
21853709,
21854141,
21854312,
21854527,
21854752,
21854966,
21855032,
21855614,
21855636,
21855669,
21855693,
21856199,
21856269,
21856819,
21856977,
21857331,
21857549,
21857568,
21857648,
21857678,
21857929,
21857940,
21858129,
21858201,
21858281,
21858433,
21859363,
21859445,
21859466,
21859633,
21860751,
21861345,
21861423,
21861558,
21861801,
21861928,
21863199,
21863664,
21863805,
21864295,
21864311,
21864319,
21864443,
21864645,
21864657,
21864972,
21865072,
21865283,
21866658,
21867620,
21867831,
21868180,
21868241,
21868689,
21869270,
21869334,
21869763,
21870270,
21870725,
21871431,
21871508,
21872085,
21872448,
21872544,
21872800,
21872982,
21872983,
21873772,
21874091,
21874401,
21874588,
21874631,
21874694,
21875316,
21875348,
21875448,
21875568,
21875709,
21875736,
21875856,
21875908,
21875934,
21875964,
21877869,
21878113,
21879368,
21879877,
21880568,
21880597,
21880696,
21880755,
21880760,
21880887,
21881199,
21881282,
21881456,
21881536,
21881886,
21881950,
21882034,
21883011,
21883686,
21884893,
21885176,
21885627,
21887887,
21887896,
21888183,
21888372,
21889709,
21889724,
21890381,
21890396,
21890505,
21890859,
21891239,
21891350,
21891929,
21892381,
21894326,
21895122,
21895292,
21895304,
21895615,
21896031,
21896277,
21896396,
21896927,
21897747,
21897757,
21898556,
21898991,
21899009,
21899779,
21900181,
21900331,
21900402,
21900846,
21900966,
21901933,
21902739,
21903189,
21903425,
21903821,
21904588,
21904643,
21905010,
21905409,
21905520,
21905582,
21905885,
21905987,
21906042,
21906046,
21906138,
21906346,
21906630,
21906717,
21906785,
21906909,
21907168,
21907554,
21907599,
21907661,
21908225,
21908296,
21908466,
21908637,
21909009,
21909302,
21909759,
21909870,
21910370,
21910928,
21911007,
21911750,
21911775,
21911855,
21911908,
21912126,
21912589,
21912771,
21913153,
21914099,
21914418,
21914490,
21914696,
21914795,
21915807,
21916101,
21916951,
21917665,
21917822,
21917922,
21918068,
21918391,
21919031,
21919269,
21919357,
21919472,
21919981,
21920241,
21920528,
21921075,
21921087,
21921182,
21921270,
21921870,
21922480,
21922506,
21923161,
21923410,
21923741,
21923754,
21923975,
21924496,
21924508,
21924725,
21924794,
21924960,
21925885,
21926125,
21926571,
21926589,
21927107,
21928838,
21928869,
21929062,
21929586,
21929852,
21930489,
21930558,
21930661,
21930705,
21930714,
21931598,
21931970,
21932296,
21932408,
21932688,
21932995,
21933107,
21933313,
21934082,
21934124,
21934246,
21934302,
21934465,
21934599,
21935170,
21936021,
21936501,
21936596,
21936640,
21936686,
21936963,
21937033,
21937396,
21937825,
21938170,
21938235,
21938417,
21938647,
21939125,
21939479,
21939524,
21941200,
21941558,
21941749,
21942176,
21943662,
21943910,
21944202,
21944376,
21944473,
21944600,
21944726,
21945382,
21945568,
21945864,
21946678,
21946909,
21946928,
21946930,
21947206,
21948000,
21948223,
21948325,
21948940,
21949143,
21949520,
21950445,
21950680,
21950855,
21951325,
21951379,
21951566,
21952097,
21952128,
21952608,
21953332,
21953344,
21953567,
21954336,
21954584,
21955162,
21955653,
21955748,
21955891,
21955935,
21956401,
21956837,
21957518,
21958061,
21958230,
21958688,
21958792,
21959252,
21959297,
21959535,
21959867,
21960249,
21960321,
21960459,
21960494,
21960709,
21961381,
21961659,
21961674,
21963907,
21964545,
21964997,
21965054,
21965072,
21965106,
21965493,
21966636,
21966638,
21966776,
21966970,
21967580,
21967616,
21967712,
21968207,
21968363,
21968491,
21968641,
21969116,
21969276,
21969337,
21969609,
21969751,
21970675,
21970977,
21971348,
21971757,
21971925,
21972590,
21972630,
21972758,
21973746,
21973757,
21973922,
21974275,
21974323,
21974391,
21974569,
21974641,
21975059,
21975174,
21975646,
21975697,
21975833,
21976347,
21976373,
21976561,
21976632,
21976633,
21976708,
21976719,
21976833,
21976872,
21977016,
21977181,
21977579,
21977595,
21978116,
21978428,
21978596,
21978637,
21978687,
21978715,
21979092,
21979251,
21979574,
21979887,
21979956,
21980307,
21980745,
21982118,
21982255,
21982653,
21982667,
21982814,
21983450,
21983561,
21983654,
21984707,
21984945,
21985130,
21985272,
21985575,
21985742,
21985767,
21985974,
21986162,
21986345,
21986444,
21986691,
21986807,
21987141,
21987222,
21987811,
21987854,
21988071,
21988127,
21989417,
21989684,
21990169,
21990478,
21990573,
21990965,
21990996,
21991342,
21991643,
21992871,
21993087,
21993208,
21993380,
21993542,
21993746,
21993828,
21993884,
21994054,
21994064,
21994583,
21994647,
21994779,
21994791,
21995131,
21995229,
21995564,
21996080,
21996204,
21996640,
21996713,
21997110,
21997525,
21997896,
21998059,
21998395,
21999273,
21999533,
21999692,
22000706,
22000937,
22001425,
22003232,
22003544,
22004422,
22004429,
22004723,
22004819,
22004850,
22004859,
22005096,
22005214,
22005292,
22006111,
22006466,
22006857,
22007148,
22007457,
22007933,
22008501,
22008555,
22008666,
22010420,
22011391,
22011900,
22011934,
22011936,
22012165,
22012492,
22012799,
22012934,
22013770,
22013937,
22014127,
22014941,
22015842,
22016373,
22016842,
22017018,
22017380,
22017939,
22017977,
22018144,
22018343,
22019128,
22019349,
22019358,
22019411,
22019786,
22020118,
22020229,
22021407,
22021536,
22022021,
22022088,
22022678,
22023339,
22023706,
22023927,
22023998,
22024520,
22025326,
22025423,
22025472,
22025557,
22026744,
22026839,
22027123,
22028582,
22029106,
22029258,
22029481,
22029501,
22029546,
22029849,
22030272,
22030376,
22030402,
22031389,
22031798,
22031900,
22032311,
22032582,
22035038,
22035883,
22035984,
22036589,
22037736,
22038477,
22039284,
22039873,
22039926,
22040119,
22040255,
22040293,
22040346,
22040412,
22042018,
22042115,
22042833,
22043210,
22043432,
22043617,
22044046,
22045117,
22045227,
22045735,
22046724,
22046785,
22047213,
22048233,
22048315,
22048471,
22049325,
22050620,
22052279,
22052532,
22052715,
22053206,
22053900,
22054049,
22054477,
22056103,
22056321,
22056492,
22056943,
22057263,
22057400,
22057452,
22058537,
22058847,
22060299,
22060671,
22061207,
22061426,
22061471,
22061764,
22062446,
22062630,
22063758,
22064012,
22064565,
22064732,
22064844,
22064916,
22066341,
22066939,
22067449,
22067550,
22067727,
22067766,
22067979,
22070777,
22070847,
22071013,
22071468,
22071710,
22072132,
22072629,
22073485,
22073824,
22073961,
22074023,
22074254,
22074459,
22074700,
22075544,
22076235,
22076442,
22076861,
22077208,
22077447,
22077799,
22077849,
22077873,
22077998,
22078068,
22078463,
22078874,
22079018,
22079429,
22079544,
22079797,
22080320,
22080731,
22081149,
22082124,
22082909,
22083790,
22085154,
22085262,
22085781,
22086345,
22086544,
22086603,
22087042,
22087239,
22087681,
22087902,
22088359,
22088562,
22089078,
22089462,
22090569,
22090892,
22092527,
22093088,
22093154,
22093191,
22093333,
22093356,
22093989,
22094073,
22094322,
22094882,
22095936,
22096036,
22096044,
22096668,
22096873,
22097640,
22098455,
22098785,
22098988,
22099052,
22100983,
22101190,
22101580,
22102325,
22102417,
22102770,
22103214,
22103527,
22103655,
22105383,
22105656,
22105795,
22106063,
22106443,
22106636,
22107745,
22108131,
22108831,
22109102,
22109200,
22109529,
22109747,
22110704,
22110764,
22111238,
22112765,
22112876,
22113149,
22113265,
22113380,
22114071,
22114315,
22114725,
22114747,
22114855,
22115563,
22116018,
22116489,
22116751,
22116921,
22117017,
22117654,
22117787,
22117828,
22118385,
22120286,
22123029,
22123442,
22124020,
22124278,
22124324,
22124397,
22124503,
22126024,
22127377,
22127520,
22127850,
22128744,
22128747,
22128920,
22129287,
22129316,
22129930,
22130246,
22130783,
22131105,
22131290,
22131352,
22131470,
22131482,
22132690,
22132780,
22133083,
22133456,
22133976,
22134911,
22135003,
22135050,
22135413,
22135661,
22135739,
22135817,
22135987,
22136199,
22136279,
22136323,
22136473,
22137176,
22137645,
22138155,
22138211,
22139528,
22139589,
22139616,
22139680,
22139875,
22140477,
22140522,
22140667,
22141018,
22141595,
22141976,
22142578,
22142665,
22142821,
22143684,
22144265,
22144408,
22144837,
22145094,
22145277,
22145536,
22145742,
22146152,
22146306,
22146634,
22146640,
22147215,
22148111,
22148149,
22148263,
22148351,
22149402,
22149489,
22149513,
22149645,
22149744,
22149771,
22150159,
22150284,
22150469,
22150547,
22151145,
22151235,
22151504,
22152256,
22152299,
22152617,
22153258,
22153974,
22154041,
22154958,
22155082,
22156353,
22156451,
22157010,
22157065,
22157481,
22157640,
22158813,
22158885,
22158925,
22159359,
22159925,
22160438,
22160582,
22160727,
22161028,
22161066,
22161281,
22162082,
22162141,
22162317,
22162320,
22162442,
22162809,
22162911,
22163303,
22163335,
22163845,
22163884,
22164074,
22164594,
22164917,
22165293,
22165307,
22165777,
22166263,
22166333,
22166475,
22167306,
22167918,
22168485,
22168709,
22168841,
22169207,
22169295,
22170037,
22170586,
22170989,
22171287,
22171773,
22172021,
22172475,
22172791,
22173222,
22173258,
22173498,
22173696,
22173749,
22174066,
22174483,
22174831,
22176339,
22176577,
22176611,
22176909,
22177223,
22177326,
22177489,
22177518,
22177833,
22177838,
22177891,
22177948,
22178445,
22178819,
22179264,
22179316,
22179830,
22180244,
22180348,
22180749,
22180802,
22181715,
22181858,
22181978,
22182319,
22182633,
22182984,
22183056,
22183474,
22183485,
22183631,
22183748,
22184026,
22184118,
22184198,
22184497,
22184756,
22185385,
22185618,
22185657,
22186128,
22186593,
22186909,
22187416,
22187649,
22188858,
22188863,
22188930,
22189293,
22189832,
22190114,
22190260,
22191153,
22191199,
22191280,
22191770,
22191794,
22191800,
22192072,
22192183,
22192677,
22192892,
22193161,
22193307,
22193408,
22193510,
22193600,
22193961,
22194511,
22195874,
22196211,
22196862,
22197522,
22198001,
22198110,
22198153,
22198170,
22198227,
22198371,
22198856,
22199139,
22200051,
22200140,
22200184,
22200291,
22200380,
22200422,
22200632,
22200881,
22201044,
22201772,
22202667,
22202798,
22202973,
22203174,
22203494,
22203498,
22204230,
22205033,
22205071,
22206579,
22206863,
22207235,
22207444,
22208165,
22208549,
22208765,
22208881,
22209722,
22209757,
22210001,
22210071,
22210150,
22210264,
22210273,
22210555,
22211148,
22212846,
22213705,
22213779,
22214121,
22214210,
22214218,
22214368,
22214653,
22215261,
22215833,
22216153,
22216344,
22217405,
22217615,
22218419,
22218657,
22218693,
22219168,
22219185,
22219574,
22219624,
22219724,
22220253,
22220328,
22220677,
22221551,
22221617,
22221672,
22221685,
22221753,
22221783,
22221854,
22222041,
22222883,
22223274,
22223290,
22223536,
22223643,
22224615,
22225339,
22225603,
22225909,
22225913,
22225959,
22226138,
22226310,
22226482,
22226541,
22226709,
22227156,
22227799,
22227820,
22228052,
22228096,
22228119,
22228399,
22228796,
22229055,
22229274,
22229331,
22230488,
22230647,
22230717,
22230874,
22231269,
22231347,
22232002,
22232035,
22232306,
22232401,
22232415,
22232417,
22232441,
22232749,
22233183,
22233187,
22233235,
22233822,
22234043,
22234141,
22234309,
22234413,
22234472,
22234489,
22234561,
22234727,
22234842,
22235024,
22235322,
22235371,
22235594,
22235703,
22235803,
22235852,
22235889,
22235932,
22235960,
22236057,
22236186,
22236467,
22236865,
22236893,
22237106,
22237291,
22237336,
22237526,
22237892,
22237949,
22238498,
22238574,
22238575,
22239085,
22239354,
22239738,
22239838,
22239847,
22239973,
22239982,
22240300,
22240651,
22241087,
22241424,
22242308,
22242608,
22242695,
22242998,
22243259,
22243672,
22243920,
22243952,
22244027,
22244103,
22244272,
22244382,
22245483,
22245773,
22245785,
22245885,
22245923,
22246660,
22247145,
22247149,
22247170,
22247241,
22247471,
22247602,
22247911,
22248216,
22248287,
22248459,
22248662,
22248769,
22248781,
22248837,
22248877,
22249053,
22249193,
22249224,
22249230,
22249242,
22249469,
22249585,
22250044,
22250103,
22250446,
22250585,
22250677,
22250781,
22250993,
22251344,
22251371,
22251460,
22251695,
22251764,
22252227,
22252287,
22252307,
22252459,
22252464,
22252484,
22252787,
22252908,
22252909,
22253043,
22253607,
22253927,
22254025,
22254885,
22255040,
22256424,
22257384,
22257465,
22258001,
22258299,
22258335,
22258923,
22259579,
22259772,
22260008,
22260030,
22260071,
22260073,
22260318,
22260478,
22260677,
22260684,
22260961,
22261126,
22261195,
22261397,
22261459,
22261795,
22262441,
22262610,
22262834,
22262957,
22263033,
22263166,
22263585,
22263645,
22264503,
22264845,
22265806,
22266237,
22266393,
22266859,
22267328,
22268366,
22269094,
22269266,
22269990,
22270198,
22270952,
22271220,
22271714,
22271805,
22271874,
22272499,
22272651,
22273091,
22273479,
22273930,
22274084,
22274112,
22274220,
22274355,
22275538,
22275855,
22276358,
22276741,
22276797,
22276971,
22277035,
22277080,
22277195,
22277498,
22277716,
22277970,
22278038,
22278072,
22278582,
22278740,
22278777,
22278809,
22278853,
22279426,
22279556,
22279596,
22279962,
22279982,
22280531,
22280690,
22280707,
22280732,
22280851,
22280911,
22280923,
22281564,
22281797,
22281817,
22281853,
22281872,
22282033,
22282035,
22282278,
22282439,
22282673,
22282736,
22283438,
22285219,
22285433,
22285590,
22286653,
22286851,
22287872,
22287892,
22287955,
22288475,
22289103,
22289371,
22289421,
22289680,
22289823,
22290104,
22290116,
22290224,
22290500,
22290881,
22291255,
22291371,
22291568,
22291635,
22292099,
22292161,
22292461,
22292553,
22293180,
22293210,
22293463,
22293993,
22294068,
22294563,
22294834,
22295323,
22295406,
22295529,
22295809,
22296105,
22296108,
22296323,
22296393,
22296560,
22296658,
22296723,
22296878,
22296996,
22297317,
22297513,
22297909,
22297956,
22298103,
22298477,
22299210,
22299368,
22299838,
22300042,
22300074,
22301070,
22301228,
22301314,
22301459,
22301579,
22301607,
22301639,
22301811,
22302483,
22303127,
22303725,
22304205,
22304430,
22304467,
22304874,
22305630,
22305708,
22305727,
22305765,
22306119,
22306826,
22307095,
22307686,
22308464,
22308591,
22308636,
22309135,
22309755,
22309767,
22309977,
22310130,
22310401,
22310418,
22310612,
22311179,
22311511,
22311919,
22312267,
22312652,
22313315,
22314047,
22314512,
22314914,
22315042,
22315094,
22315142,
22315178,
22315687,
22315763,
22315787,
22315859,
22315966,
22316010,
22317005,
22317047,
22318340,
22318512,
22318688,
22318796,
22318822,
22318903,
22319094,
22319709,
22319737,
22320423,
22320735,
22321236,
22321247,
22321574,
22321605,
22321781,
22322871,
22323074,
22323711,
22323839,
22324218,
22324560,
22324609,
22324613,
22324886,
22325011,
22325204,
22325511,
22326036,
22326223,
22326444,
22326997,
22327036,
22327050,
22327587,
22328085,
22328222,
22328321,
22328660,
22328741,
22328860,
22330896,
22331008,
22331343,
22331435,
22331554,
22331681,
22332092,
22332267,
22332525,
22332752,
22332823,
22333197,
22333320,
22333728,
22333750,
22333755,
22333929,
22334008,
22334019,
22334052,
22334215,
22334347,
22334379,
22334436,
22334440,
22334474,
22334551,
22334683,
22334693,
22334969,
22335056,
22335231,
22335707,
22335853,
22335962,
22336330,
22336417,
22336541,
22336606,
22336746,
22336894,
22336908,
22336983,
22337355,
22337446,
22337544,
22337749,
22337761,
22337937,
22338092,
22338751,
22338844,
22339071,
22340018,
22340903,
22340950,
22340955,
22341083,
22341095,
22341532,
22341912,
22342161,
22342307,
22342551,
22342588,
22343802,
22344486,
22344635,
22345085,
22345221,
22345260,
22345380,
22346221,
22346630,
22347059,
22347107,
22347143,
22347227,
22347433,
22347654,
22347834,
22347861,
22347993,
22348481,
22348701,
22349306,
22349388,
22349498,
22349571,
22349593,
22349638,
22349792,
22349908,
22350109,
22350617,
22350711,
22350916,
22351161,
22351593,
22351772,
22352502,
22352530,
22352582,
22352665,
22352805,
22352907,
22353008,
22353291,
22353768,
22353787,
22353808,
22353928,
22353936,
22355207,
22355321,
22355504,
22355680,
22356132,
22356316,
22356331,
22356332,
22356548,
22357086,
22357206,
22357875,
22358044,
22358409,
22358658,
22358688,
22359036,
22359444,
22359605,
22359987,
22360196,
22360615,
22360793,
22361216,
22362251,
22362343,
22362720,
22363213,
22363362,
22363383,
22364265,
22364446,
22364494,
22364910,
22365031,
22365642,
22365921,
22366037,
22366061,
22366125,
22367183,
22367315,
22367660,
22367690,
22368404,
22368507,
22368855,
22368909,
22369177,
22369431,
22369983,
22370157,
22370256,
22370496,
22370548,
22370574,
22371417,
22372160,
22373018,
22373070,
22373074,
22373082,
22373930,
22374234,
22374271,
22374691,
22374808,
22374918,
22377092,
22377379,
22377409,
22377469,
22377719,
22378092,
22378221,
22378346,
22378429,
22378489,
22378745,
22378812,
22379831,
22381663,
22381911,
22382161,
22382360,
22382400,
22382739,
22382843,
22383288,
22383355,
22383396,
22383531,
22383559,
22383883,
22384160,
22384218,
22385344,
22385623,
22385816,
22386953,
22387169,
22387533,
22389123,
22389163,
22389170,
22389659,
22390866,
22392327,
22392379,
22392715,
22392808,
22392935,
22393008,
22393308,
22393460,
22393911,
22394018,
22394066,
22394073,
22394122,
22394371,
22395255,
22395505,
22395692,
22395764,
22396052,
22396132,
22396208,
22396786,
22397048,
22397139,
22397578,
22398091,
22398777,
22399208,
22399732,
22399740,
22399991,
22400708,
22401133,
22401875,
22402118,
22402479,
22402894,
22403292,
22403620,
22403636,
22403672,
22403692,
22404470,
22405352,
22405511,
22405699,
22406483,
22406618,
22406667,
22407564,
22407900,
22408827,
22408948,
22410141,
22410214,
22410366,
22410368,
22411215,
22411289,
22411452,
22411560,
22411776,
22412119,
22412532,
22412673,
22412864,
22413051,
22413675,
22414173,
22414374,
22414638,
22414699,
22415935,
22416617,
22417235,
22417239,
22417608,
22417680,
22417744,
22419962,
22420629,
22420642,
22420819,
22421221,
22421277,
22421442,
22421716,
22422033,
22422135,
22422244,
22422270,
22422609,
22422756,
22422855,
22423155,
22423310,
22423413,
22423757,
22423886,
22424253,
22424459,
22425019,
22425356,
22425428,
22425948,
22426329,
22426415,
22426521,
22426537,
22426824,
22426933,
22427066,
22427213,
22427331,
22427730,
22427738,
22427898,
22427971,
22427973,
22427986,
22428033,
22428058,
22428218,
22428378,
22428384,
22428442,
22428647,
22428944,
22428960,
22429230,
22429270,
22429346,
22429483,
22429691,
22429815,
22429869,
22430653,
22430676,
22431344,
22431872,
22432281,
22432491,
22432521,
22432563,
22432634,
22432690,
22432800,
22433033,
22433103,
22433601,
22434039,
22434274,
22434585,
22434663,
22434686,
22435096,
22435326,
22435422,
22435838,
22435949,
22436005,
22436307,
22436441,
22436853,
22437037,
22437539,
22437624,
22437746,
22437857,
22438122,
22438462,
22439164,
22440131,
22440195,
22440630,
22440900,
22441106,
22441338,
22441434,
22441541,
22441820,
22441855,
22441857,
22442071,
22442313,
22442546,
22442683,
22442727,
22442767,
22443104,
22443357,
22443396,
22443397,
22444394,
22444477,
22444981,
22445091,
22445567,
22446093,
22446349,
22446449,
22446500,
22446624,
22446747,
22446889,
22447232,
22447507,
22447840,
22448007,
22448019,
22448081,
22448221,
22448886,
22449442,
22449489,
22449831,
22449857,
22449929,
22450351,
22450796,
22450926,
22451065,
22451512,
22451562,
22451873,
22451965,
22452107,
22453200,
22453316,
22453323,
22453400,
22453424,
22453592,
22453644,
22454000,
22454056,
22454427,
22454494,
22454870,
22455038,
22455231,
22455276,
22455460,
22455528,
22455765,
22455982,
22456320,
22456483,
22457297,
22457693,
22457849,
22457850,
22457897,
22458129,
22458411,
22459464,
22459896,
22460044,
22460364,
22460811,
22461277,
22461599,
22461653,
22461964,
22462099,
22462310,
22462393,
22462967,
22462993,
22463012,
22463308,
22463381,
22463451,
22463663,
22463855,
22463870,
22464258,
22465448,
22465672,
22465818,
22466038,
22466421,
22467324,
22467541,
22468623,
22469066,
22469090,
22469670,
22469721,
22469933,
22470114,
22470504,
22471103,
22471146,
22471154,
22471597,
22471776,
22471818,
22471879,
22471936,
22471959,
22472162,
22472170,
22472190,
22472391,
22472427,
22473089,
22473163,
22473181,
22473185,
22473236,
22473637,
22473863,
22473897,
22474600,
22474889,
22475225,
22475337,
22475490,
22476083,
22476231,
22476292,
22477129,
22477654,
22477741,
22477911,
22477982,
22478107,
22478144,
22478367,
22478748,
22478977,
22478982,
22479017,
22479530,
22479869,
22480125,
22480133,
22480255,
22480463,
22481024,
22481107,
22481111,
22481479,
22481579,
22481658,
22482195,
22482770,
22482842,
22483110,
22483134,
22483163,
22483302,
22483390,
22483784,
22483887,
22484079,
22484144,
22484185,
22484812,
22484936,
22484972,
22485801,
22485874,
22486810,
22487153,
22488404,
22488602,
22489011,
22489062,
22489467,
22489573,
22489926,
22490343,
22490994,
22492539,
22492591,
22492652,
22492683,
22492797,
22493221,
22495129,
22495137,
22495189,
22495617,
22496872,
22497091,
22497169,
22497321,
22497457,
22497622,
22497713,
22498101,
22498172,
22498185,
22498202,
22498465,
22498547,
22498681,
22498994,
22499599,
22499611,
22499669,
22499727,
22499775,
22499822,
22500169,
22500236,
22500287,
22501101,
22501230,
22501397,
22501625,
22502179,
22502279,
22502586,
22502643,
22502723,
22502737,
22503242,
22503361,
22503859,
22504014,
22504543,
22504557,
22504649,
22504753,
22504808,
22504809,
22504924,
22504984,
22505206,
22505376,
22505462,
22505717,
22506127,
22506147,
22506421,
22506436,
22506775,
22506799,
22506981,
22507130,
22507437,
22507605,
22507817,
22508246,
22508427,
22508630,
22508735,
22508785,
22508870,
22508962,
22509010,
22509376,
22509417,
22509881,
22509973,
22510000,
22510191,
22510203,
22510243,
22510281,
22510474,
22510807,
22511374,
22511390,
22512051,
22512415,
22512467,
22513597,
22513790,
22513940,
22514048,
22514148,
22514386,
22514484,
22514716,
22514985,
22515253,
22515447,
22515667,
22516039,
22516496,
22517243,
22517689,
22517703,
22517835,
22518206,
22518358,
22518382,
22519043,
22519970,
22520070,
22520559,
22521539,
22521839,
22522123,
22522596,
22522911,
22523709,
22524006,
22524342,
22524562,
22524616,
22524678,
22524804,
22524980,
22525259,
22525696,
22525772,
22526287,
22526510,
22526554,
22526561,
22526837,
22526890,
22526954,
22527171,
22527311,
22527604,
22528756,
22529005,
22529216,
22530334,
22530345,
22530362,
22530471,
22530608,
22530637,
22530707,
22530735,
22530872,
22531096,
22531221,
22531644,
22531829,
22531875,
22532124,
22532217,
22532309,
22532377,
22532662,
22532743,
22532778,
22532854,
22533788,
22533948,
22534451,
22534974,
22536280,
22536398,
22536910,
22537140,
22537374,
22537938,
22538034,
22538585,
22538988,
22539668,
22539734,
22539749,
22540237,
22540390,
22540617,
22540820,
22541054,
22541111,
22541416,
22541752,
22541847,
22541912,
22542073,
22542549,
22543274,
22544098,
22544156,
22544568,
22545128,
22546487,
22546739,
22546824,
22546881,
22547084,
22547713,
22547756,
22547773,
22548181,
22548500,
22549177,
22549765,
22550217,
22550448,
22552279,
22552354,
22553658,
22554024,
22554246,
22554456,
22555318,
22555354,
22555763,
22555821,
22555941,
22555961,
22556566,
22556878,
22556961,
22557118,
22557543,
22557969,
22557973,
22558153,
22558908,
22559472,
22559750,
22560060,
22560333,
22560381,
22560655,
22560931,
22560956,
22561131,
22561205,
22561230,
22561239,
22561832,
22561892,
22561973,
22562144,
22562608,
22562699,
22562768,
22562806,
22562915,
22563164,
22563490,
22563542,
22563678,
22563750,
22563824,
22563908,
22564028,
22564202,
22564525,
22564633,
22565125,
22565205,
22565482,
22565670,
22565736,
22566223,
22566277,
22566389,
22566395,
22566939,
22567389,
22567417,
22567785,
22568126,
22568273,
22568557,
22568708,
22569454,
22569471,
22569765,
22570286,
22570410,
22570603,
22570727,
22570763,
22571159,
22571183,
22571184,
22571865,
22572042,
22572480,
22572631,
22572671,
22573202,
22573264,
22573596,
22573644,
22573889,
22573917,
22574201,
22574253,
22574699,
22574743,
22574808,
22574873,
22575091,
22575393,
22575421,
22575429,
22575510,
22576022,
22576052,
22576319,
22577272,
22577318,
22577363,
22577436,
22578359,
22578531,
22578632,
22579225,
22580897,
22581267,
22582137,
22582219,
22582566,
22582930,
22584074,
22584345,
22584479,
22584826,
22585615,
22585760,
22586961,
22587364,
22587609,
22588175,
22588455,
22588624,
22588704,
22588808,
22588859,
22589000,
22589217,
22589770,
22589802,
22590691,
22590707,
22591150,
22591194,
22591362,
22591413,
22591750,
22591777,
22592361,
22592505,
22592677,
22593438,
22593441,
22593845,
22594503,
22594557,
22595135,
22595269,
22595278,
22595387,
22595542,
22595711,
22595805,
22596003,
22596728,
22596900,
22597188,
22597615,
22597675,
22597697,
22597847,
22597968,
22598028,
22598331,
22598335,
22598359,
22598405,
22598601,
22598858,
22599159,
22599224,
22599319,
22599353,
22599639,
22600122,
22600240,
22600493,
22601739,
22602006,
22602296,
22602669,
22603075,
22603143,
22603226,
22603379,
22603485,
22603839,
22603938,
22604616,
22604811,
22605443,
22605517,
22605663,
22605676,
22605699,
22605735,
22605884,
22606075,
22606330,
22606498,
22606836,
22607469,
22607630,
22608162,
22608435,
22608918,
22609561,
22609599,
22609706,
22609736,
22609877,
22610253,
22610344,
22610367,
22610531,
22610871,
22610951,
22611285,
22611428,
22611698,
22611953,
22612106,
22612177,
22612228,
22612336,
22612992,
22613152,
22613272,
22613282,
22613384,
22613422,
22613478,
22613667,
22613690,
22613798,
22613839,
22614656,
22614687,
22614890,
22615155,
22615176,
22615798,
22615818,
22616053,
22616437,
22616517,
22616628,
22617146,
22617264,
22617289,
22617321,
22617578,
22618041,
22618160,
22618287,
22618706,
22618742,
22618813,
22618964,
22619102,
22619142,
22619271,
22619367,
22619443,
22619459,
22619837,
22619897,
22620035,
22620203,
22620311,
22620320,
22620344,
22620652,
22620905,
22621136,
22621272,
22621339,
22621544,
22621736,
22621811,
22621966,
22622021,
22622354,
22622585,
22622725,
22622741,
22623150,
22623195,
22623198,
22623260,
22623779,
22623839,
22623979,
22624043,
22624185,
22625211,
22625622,
22625740,
22625992,
22626186,
22626253,
22626317,
22626415,
22626593,
22626738,
22626763,
22626854,
22626959,
22627004,
22627119,
22627151,
22627199,
22627485,
22627546,
22627642,
22628011,
22628210,
22628409,
22628481,
22628788,
22629005,
22629207,
22630099,
22630553,
22631282,
22631441,
22631504,
22631881,
22631929,
22631957,
22631968,
22632645,
22632927,
22632997,
22633178,
22633858,
22634033,
22634298,
22634402,
22634442,
22634673,
22634818,
22634978,
22635360,
22635362,
22635598,
22635863,
22635916,
22636079,
22636491,
22636557,
22636917,
22637163,
22637551,
22638806,
22638862,
22639786,
22640784,
22641416,
22641432,
22641469,
22641744,
22641939,
22641957,
22642595,
22642719,
22642918,
22643543,
22643565,
22643914,
22645146,
22645750,
22645951,
22646051,
22646474,
22647263,
22647338,
22647352,
22647770,
22647776,
22647777,
22647852,
22647854,
22648034,
22648247,
22648518,
22648736,
22649204,
22649429,
22649446,
22649657,
22649838,
22650056,
22650240,
22650984,
22651243,
22651667,
22652311,
22652347,
22652406,
22652442,
22652774,
22653357,
22653397,
22653467,
22654017,
22654247,
22654326,
22654380,
22654767,
22654842,
22655197,
22655229,
22655310,
22655490,
22655601,
22656140,
22656320,
22656360,
22656363,
22656398,
22657101,
22657179,
22657981,
22658085,
22658093,
22658107,
22658193,
22658763,
22659069,
22659226,
22659441,
22659469,
22659640,
22659684,
22659753,
22659989,
22660025,
22660337,
22660935,
22661023,
22661103,
22661127,
22662142,
22662243,
22662391,
22662507,
22662645,
22663194,
22664129,
22664217,
22665108,
22665209,
22665486,
22665770,
22665939,
22666292,
22666706,
22666886,
22667163,
22667429,
22667553,
22668686,
22668920,
22669286,
22669497,
22669506,
22669544,
22669879,
22670024,
22670179,
22670180,
22670409,
22670513,
22670843,
22670973,
22671005,
22671015,
22671860,
22672143,
22672212,
22672376,
22672525,
22672683,
22672690,
22672833,
22673637,
22673667,
22673856,
22675267,
22675503,
22675836,
22675972,
22676289,
22676907,
22677084,
22677365,
22677517,
22677881,
22677955,
22677964,
22677975,
22678059,
22678200,
22678213,
22678295,
22678795,
22678804,
22678941,
22679104,
22679469,
22679760,
22680523,
22680676,
22680841,
22680890,
22680926,
22680961,
22681168,
22681313,
22681473,
22681674,
22681956,
22682748,
22682874,
22682906,
22683253,
22683294,
22683309,
22683917,
22684471,
22684526,
22685038,
22685218,
22685791,
22685915,
22686122,
22686298,
22686302,
22686382,
22686558,
22686816,
22687256,
22687480,
22687676,
22687728,
22687795,
22687931,
22687967,
22688275,
22688792,
22689792,
22689991,
22690006,
22690135,
22690386,
22690418,
22691617,
22692010,
22692490,
22693083,
22693274,
22693959,
22694781,
22695453,
22695517,
22695549,
22695795,
22695906,
22696305,
22696931,
22696949,
22697131,
22697522,
22697700,
22697716,
22697993,
22698824,
22698981,
22699072,
22699280,
22699508,
22699562,
22700420,
22700495,
22700655,
22701199,
22701740,
22701763,
22701855,
22702787,
22702925,
22703291,
22703293,
22703660,
22703745,
22704508,
22704764,
22704777,
22704788,
22705412,
22705415,
22706328,
22706508,
22706811,
22707225,
22707885,
22708401,
22708624,
22708711,
22709333,
22709336,
22709442,
22709927,
22710231,
22710523,
22710896,
22711184,
22711582,
22712390,
22712535,
22712858,
22713157,
22713310,
22713326,
22713329,
22713401,
22713481,
22713571,
22713835,
22714223,
22714491,
22714595,
22714611,
22714927,
22715373,
22715415,
22716361,
22716404,
22716468,
22716568,
22716630,
22717011,
22717066,
22717678,
22717680,
22717690,
22718128,
22718905,
22719051,
22719734,
22719957,
22720472,
22720930,
22721908,
22722237,
22722651,
22723789,
22723836,
22724921,
22725037,
22725126,
22725150,
22725197,
22725555,
22726400,
22726708,
22727220,
22727316,
22727427,
22728174,
22728505,
22728536,
22728905,
22729035,
22729220,
22729266,
22729388,
22729510,
22730442,
22730444,
22730997,
22731058,
22731239,
22731903,
22731926,
22732053,
22732840,
22732956,
22733516,
22733680,
22733724,
22734239,
22734255,
22734332,
22734779,
22735176,
22735303,
22736669,
22737344,
22737386,
22737525,
22738064,
22738222,
22738576,
22738647,
22738767,
22739474,
22739518,
22739796,
22740005,
22740049,
22740219,
22740714,
22740761,
22740769,
22740782,
22740860,
22741268,
22741636,
22742099,
22743024,
22743333,
22743443,
22743557,
22743721,
22744413,
22744641,
22744706,
22745647,
22745720,
22746216,
22746541,
22746543,
22747327,
22747543,
22747700,
22748177,
22748415,
22748672,
22749014,
22749247,
22749578,
22749719,
22749851,
22750186,
22750205,
22750346,
22750810,
22750851,
22751159,
22751163,
22751500,
22751657,
22751868,
22751989,
22752177,
22752363,
22752690,
22752865,
22753167,
22753170,
22753204,
22753553,
22753629,
22753764,
22754072,
22754153,
22754978,
22755255,
22755794,
22755974,
22756740,
22756863,
22757065,
22757474,
22757688,
22757839,
22758197,
22758461,
22758651,
22758834,
22759070,
22759159,
22759249,
22759417,
22759497,
22759551,
22759591,
22760118,
22760384,
22760391,
22761212,
22761310,
22761430,
22761452,
22761657,
22761928,
22762148,
22762387,
22762498,
22762610,
22762646,
22762722,
22762734,
22762804,
22763077,
22763397,
22763672,
22763739,
22763752,
22763852,
22763923,
22764117,
22764204,
22764248,
22764261,
22764280,
22764529,
22764674,
22764821,
22764843,
22765454,
22765467,
22765509,
22765715,
22765736,
22765760,
22765772,
22766152,
22766185,
22766277,
22766491,
22766531,
22767038,
22767637,
22767744,
22767809,
22768013,
22768125,
22768390,
22768430,
22768590,
22769218,
22769518,
22769969,
22770533,
22771644,
22771731,
22771761,
22771851,
22772387,
22772644,
22772736,
22773055,
22773082,
22773175,
22773785,
22773863,
22773926,
22774165,
22774452,
22774714,
22774876,
22775144,
22775376,
22775490,
22775954,
22776692,
22776852,
22777485,
22777526,
22777839,
22778026,
22778608,
22778618,
22778661,
22779300,
22779307,
22780277,
22780884,
22780972,
22781135,
22781402,
22781592,
22781821,
22781909,
22782421,
22782658,
22784430,
22784467,
22784513,
22785129,
22785201,
22785441,
22785446,
22785608,
22785629,
22785903,
22786496,
22787060,
22787174,
22787285,
22787417,
22787534,
22787537,
22787783,
22787784,
22787908,
22788019,
22788095,
22788177,
22788195,
22788579,
22788587,
22788646,
22788705,
22788864,
22789017,
22789184,
22789240,
22789760,
22789861,
22789933,
22789976,
22790021,
22790083,
22790101,
22790192,
22790253,
22790329,
22790422,
22790445,
22790507,
22790537,
22790705,
22790833,
22790962,
22791189,
22791857,
22792039,
22792115,
22792137,
22792159,
22792347,
22792547,
22792842,
22792959,
22792980,
22793343,
22793360,
22793530,
22793571,
22793586,
22793610,
22793810,
22793818,
22794153,
22794575,
22794701,
22795521,
22795551,
22795585,
22795651,
22795714,
22795884,
22796270,
22796982,
22797898,
22798068,
22798190,
22798213,
22798679,
22798712,
22798818,
22799216,
22799430,
22799859,
22799918,
22800393,
22800921,
22801182,
22801386,
22801654,
22801701,
22801749,
22801869,
22801895,
22801910,
22802112,
22802462,
22802518,
22802536,
22802646,
22802689,
22802753,
22802807,
22802871,
22802979,
22803105,
22803110,
22803225,
22803253,
22803409,
22803442,
22803552,
22803718,
22803740,
22804168,
22804272,
22804816,
22804837,
22805253,
22805512,
22805631,
22805763,
22806008,
22806119,
22806553,
22806704,
22806783,
22806833,
22807377,
22808062,
22808408,
22808882,
22808937,
22808940,
22809045,
22809169,
22809277,
22809759,
22809772,
22810107,
22810151,
22810690,
22812314,
22812504,
22812773,
22813180,
22813333,
22813421,
22813690,
22813716,
22813868,
22813873,
22814107,
22814540,
22815274,
22815421,
22815454,
22815474,
22815567,
22816233,
22816465,
22817328,
22817367,
22817401,
22817665,
22818653,
22818666,
22818667,
22818687,
22818712,
22818761,
22818792,
22819244,
22819351,
22819391,
22819401,
22819561,
22819753,
22819828,
22820072,
22820123,
22820278,
22820411,
22820667,
22821051,
22821485,
22821507,
22821860,
22822021,
22822114,
22822657,
22822882,
22823179,
22823573,
22823591,
22823659,
22824399,
22824566,
22825565,
22825739,
22826315,
22826888,
22827087,
22827267,
22828058,
22828189,
22828348,
22828805,
22829012,
22829139,
22829333,
22829475,
22830189,
22830247,
22830311,
22830636,
22830677,
22830975,
22831390,
22831603,
22832010,
22832071,
22832075,
22832120,
22832180,
22832204,
22832247,
22832288,
22832347,
22832382,
22832457,
22832465,
22832489,
22832594,
22833027,
22833225,
22833297,
22833473,
22834291,
22834459,
22834671,
22834820,
22834868,
22834875,
22834999,
22835103,
22835145,
22835600,
22835745,
22835900,
22835906,
22835973,
22836053,
22836316,
22836661,
22836746,
22836939,
22837067,
22837205,
22837428,
22837528,
22837538,
22837669,
22837689,
22837966,
22838219,
22838829,
22839381,
22839651,
22840002,
22840364,
22840575,
22840981,
22841321,
22841889,
22841979,
22842041,
22842054,
22842747,
22842961,
22843197,
22844276,
22844814,
22844843,
22845974,
22845998,
22846491,
22846611,
22846814,
22846836,
22846986,
22847105,
22847725,
22848168,
22848324,
22848962,
22849243,
22849438,
22849462,
22849465,
22849743,
22850119,
22850128,
22850226,
22850386,
22850394,
22850959,
22851081,
22851153,
22851612,
22851638,
22851708,
22851709,
22851907,
22852010,
22852224,
22852488,
22853473,
22853513,
22853640,
22853724,
22853863,
22854212,
22854259,
22854299,
22854303,
22854739,
22854858,
22854912,
22855474,
22855477,
22855827,
22855884,
22855977,
22856088,
22856986,
22857047,
22857111,
22857254,
22858098,
22858337,
22858413,
22858452,
22858513,
22858557,
22859150,
22859253,
22859508,
22861039,
22861220,
22861344,
22861557,
22862450,
22862549,
22862726,
22862738,
22862982,
22863217,
22863591,
22863709,
22864521,
22864542,
22864740,
22865588,
22865788,
22865859,
22866177,
22866483,
22866699,
22866955,
22867453,
22867561,
22867622,
22868492,
22868663,
22868986,
22869333,
22869360,
22869497,
22869654,
22869915,
22870419,
22870443,
22871222,
22871467,
22872673,
22873034,
22873043,
22873075,
22873243,
22873357,
22873386,
22873495,
22874622,
22874626,
22874689,
22874865,
22875015,
22875881,
22875933,
22876598,
22877325,
22877372,
22877568,
22877571,
22877767,
22878109,
22878113,
22878441,
22878639,
22878646,
22879032,
22879983,
22880422,
22880576,
22881858,
22882289,
22882606,
22882730,
22882809,
22883047,
22883103,
22883237,
22883417,
22883594,
22883602,
22883609,
22884612,
22884625,
22884703,
22885238,
22885474,
22885600,
22885641,
22886137,
22886320,
22886696,
22886770,
22886894,
22887055,
22887607,
22887678,
22888438,
22888685,
22888845,
22889492,
22890261,
22890343,
22890867,
22890878,
22890928,
22891094,
22891543,
22891635,
22891712,
22892076,
22893121,
22893433,
22893974,
22894125,
22894159,
22894858,
22894926,
22895192,
22895935,
22897036,
22897155,
22897416,
22897724,
22897818,
22898499,
22898893,
22899273,
22899533,
22899758,
22900854,
22901048,
22901051,
22901188,
22901687,
22902379,
22902521,
22902614,
22902657,
22902666,
22902690,
22902697,
22902875,
22902938,
22903057,
22903207,
22903233,
22903428,
22903776,
22904071,
22904089,
22904394,
22904397,
22904447,
22904454,
22905342,
22905456,
22905970,
22906055,
22906605,
22906615,
22906908,
22906981,
22907517,
22907581,
22907865,
22908647,
22909233,
22909313,
22909503,
22909521,
22910309,
22910327,
22910339,
22910439,
22911061,
22911199,
22911812,
22912220,
22912380,
22912764,
22912912,
22913456,
22913515,
22914200,
22914515,
22914567,
22914969,
22915153,
22915946,
22915994,
22916270,
22916370,
22916788,
22917092,
22917138,
22917530,
22917580,
22917946,
22919204,
22919232,
22919340,
22919454,
22919458,
22919469,
22919649,
22919682,
22919690,
22920191,
22920420,
22920885,
22921089,
22921395,
22921748,
22922221,
22923179,
22924686,
22924962,
22925010,
22925337,
22925556,
22926473,
22927001,
22927155,
22927196,
22927463,
22927731,
22928433,
22928623,
22928642,
22928899,
22928926,
22929497,
22930141,
22930182,
22930713,
22930769,
22930806,
22931059,
22931207,
22931359,
22931372,
22931529,
22931585,
22931853,
22931989,
22932583,
22933398,
22933413,
22933580,
22933636,
22933674,
22934351,
22934355,
22934438,
22934634,
22934756,
22934991,
22935146,
22935582,
22936230,
22936840,
22937599,
22937899,
22938069,
22938146,
22938206,
22938373,
22938773,
22939284,
22939598,
22940037,
22940186,
22940258,
22940259,
22940613,
22942555,
22943019,
22943368,
22943486,
22943606,
22943868,
22943998,
22944070,
22944211,
22945061,
22945140,
22945433,
22946658,
22946698,
22946770,
22947093,
22947572,
22947871,
22948744,
22948747,
22949163,
22949247,
22950210,
22950562,
22952293,
22952378,
22952436,
22952442,
22952446,
22952577,
22953342,
22953345,
22953602,
22953692,
22953798,
22954158,
22954274,
22954662,
22954683,
22954706,
22954835,
22954928,
22955672,
22955880,
22956107,
22956184,
22956237,
22956615,
22956699,
22957014,
22957305,
22957425,
22958973,
22959126,
22959216,
22959305,
22959344,
22959385,
22959503,
22959541,
22959720,
22959977,
22960231,
22960440,
22960534,
22960941,
22961181,
22961281,
22961333,
22961410,
22961479,
22961727,
22962018,
22962203,
22962782,
22962949,
22963204,
22963293,
22963384,
22963585,
22963891,
22964265,
22964564,
22965008,
22965030,
22965279,
22965501,
22966095,
22966121,
22966363,
22966624,
22966994,
22967496,
22967882,
22968926,
22968931,
22969185,
22969467,
22969716,
22970001,
22970337,
22970990,
22971072,
22971384,
22971759,
22972317,
22973199,
22973718,
22973843,
22974351,
22974512,
22974573,
22975617,
22975618,
22975881,
22975939,
22976019,
22976051,
22976255,
22976488,
22976783,
22977035,
22977461,
22977681,
22978200,
22978314,
22978467,
22978600,
22978977,
22979444,
22979659,
22981506,
22982119,
22982234,
22982637,
22982709,
22983051,
22983905,
22983927,
22984313,
22984368,
22984405,
22984435,
22984611,
22985585,
22985850,
22985940,
22985968,
22986567,
22987197,
22987705,
22987744,
22987941,
22988030,
22988787,
22989049,
22989871,
22991017,
22991441,
22991727,
22992301,
22992468,
22992728,
22993224,
22993243,
22993816,
22993923,
22994011,
22994170,
22994213,
22994838,
22994936,
22995426,
22995530,
22995985,
22996385,
22996543,
22996831,
22997124,
22997165,
22997760,
22998004,
22998087,
22998210,
22998752,
22999072,
22999304,
22999404,
22999444,
23000958,
23001265,
23001356,
23001749,
23003042,
23003322,
23003346,
23003865,
23004068,
23004080,
23004548,
23004618,
23004735,
23004939,
23004979,
23005099,
23005524,
23005543,
23005548,
23005600,
23005802,
23005848,
23006323,
23006441,
23007718,
23008044,
23008358,
23008584,
23008628,
23008672,
23008735,
23009349,
23009518,
23009997,
23010148,
23010464,
23010660,
23010698,
23010869,
23011115,
23011170,
23012038,
23012102,
23012225,
23012499,
23013533,
23013653,
23013782,
23014308,
23014874,
23015081,
23016212,
23016383,
23016471,
23017101,
23017218,
23017855,
23017875,
23018319,
23018367,
23018789,
23018806,
23018858,
23019109,
23019240,
23019478,
23019641,
23019819,
23019916,
23020047,
23020095,
23020103,
23020312,
23020386,
23020388,
23020396,
23020526,
23020564,
23020698,
23020729,
23021397,
23021825,
23021851,
23021859,
23022629,
23023031,
23023142,
23023230,
23023334,
23023407,
23023478,
23023703,
23023718,
23023753,
23023762,
23024073,
23024150,
23024250,
23024354,
23024877,
23025116,
23025202,
23025481,
23025617,
23025641,
23026349,
23026466,
23026538,
23026754,
23026955,
23027239,
23027379,
23027427,
23027864,
23028833,
23029095,
23029731,
23030102,
23030410,
23030497,
23031137,
23031547,
23031774,
23031974,
23032146,
23032353,
23033231,
23033439,
23033453,
23033968,
23034281,
23034364,
23034763,
23034819,
23034867,
23036225,
23037314,
23037594,
23037667,
23037690,
23037777,
23038177,
23038190,
23038254,
23038335,
23038601,
23038638,
23038710,
23038832,
23039410,
23039670,
23040360,
23040919,
23041054,
23041325,
23041377,
23041445,
23041718,
23043010,
23043282,
23043497,
23043581,
23044275,
23045927,
23046398,
23046434,
23046661,
23046968,
23047464,
23047497,
23047737,
23048377,
23048617,
23049321,
23049663,
23050117,
23050326,
23050442,
23050835,
23051378,
23051439,
23051451,
23052010,
23052418,
23052616,
23052679,
23052763,
23053313,
23053346,
23053418,
23053782,
23054416,
23055127,
23055479,
23055633,
23055755,
23055895,
23055982,
23056516,
23056555,
23057265,
23057359,
23057389,
23057708,
23057927,
23058038,
23058094,
23058361,
23058791,
23059123,
23059293,
23059537,
23059683,
23059857,
23060331,
23060703,
23060709,
23061468,
23061896,
23062442,
23062872,
23063092,
23063799,
23064112,
23064321,
23064346,
23064680,
23065015,
23065068,
23065103,
23065618,
23065693,
23065880,
23065976,
23066147,
23066216,
23066507,
23067243,
23067275,
23067583,
23067817,
23068036,
23068081,
23068131,
23068548,
23069015,
23069247,
23070073,
23071734,
23072248,
23072398,
23072409,
23072505,
23072790,
23073233,
23073400,
23074335,
23074575,
23074616,
23074655,
23074745,
23075082,
23075357,
23075437,
23075586,
23075923,
23076618,
23076628,
23076982,
23077044,
23077080,
23077131,
23077452,
23077580,
23077616,
23077718,
23077851,
23077875,
23077968,
23078171,
23078342,
23078588,
23078667,
23078930,
23078983,
23079013,
23079173,
23079587,
23079872,
23080670,
23080742,
23080755,
23080775,
23080902,
23081081,
23081222,
23081978,
23082197,
23082477,
23082674,
23082698,
23082871,
23083034,
23083063,
23083897,
23084403,
23084638,
23084900,
23085183,
23085223,
23085338,
23085573,
23085772,
23086753,
23087075,
23087345,
23087686,
23087853,
23087886,
23088101,
23088201,
23088451,
23089209,
23089736,
23090110,
23090537,
23090694,
23091233,
23092110,
23092363,
23092534,
23092537,
23093173,
23093867,
23094020,
23094021,
23094069,
23094140,
23094264,
23094401,
23094617,
23095161,
23095173,
23095197,
23095417,
23095437,
23096563,
23096787,
23097138,
23097241,
23097553,
23098859,
23099028,
23099384,
23100525,
23100592,
23101116,
23101201,
23101441,
23102242,
23102247,
23102425,
23102548,
23102913,
23103031,
23103242,
23103299,
23103324,
23103393,
23103498,
23103633,
23104047,
23104274,
23104323,
23104454,
23106215,
23106395,
23106419,
23106818,
23107193,
23107419,
23107645,
23107837,
23108277,
23108492,
23109434,
23110616,
23110833,
23110991,
23111251,
23111530,
23111798,
23111929,
23111983,
23112135,
23112331,
23112450,
23113351,
23113616,
23114287,
23114695,
23114817,
23114958,
23115180,
23115328,
23115385,
23116004,
23116179,
23116526,
23116828,
23116924,
23117017,
23117024,
23117038,
23117040,
23117316,
23117323,
23117354,
23117690,
23117691,
23117708,
23117744,
23117816,
23117901,
23117930,
23117947,
23118125,
23118127,
23118162,
23118368,
23118531,
23118907,
23119227,
23119808,
23119821,
23120487,
23121170,
23121470,
23121822,
23122011,
23122689,
23123115,
23123438,
23123860,
23124644,
23125124,
23126049,
23126373,
23126466,
23126977,
23127123,
23127213,
23127450,
23127547,
23127565,
23127690,
23127698,
23127702,
23128105,
23130211,
23130426,
23130529,
23131616,
23131625,
23132125,
23132205,
23132667,
23132855,
23132978,
23133612,
23133630,
23133945,
23134043,
23134057,
23134070,
23134141,
23134177,
23134194,
23134276,
23134656,
23135091,
23135164,
23135249,
23135509,
23135598,
23136863,
23136925,
23136987,
23137089,
23138270,
23138812,
23138834,
23139014,
23139307,
23139375,
23139930,
23140308,
23140501,
23140671,
23140952,
23141301,
23141815,
23142012,
23142869,
23142921,
23142978,
23143043,
23143124,
23143198,
23143888,
23144237,
23144453,
23144535,
23144918,
23144977,
23145132,
23145366,
23145521,
23146140,
23146587,
23146735,
23147092,
23147437,
23147867,
23147943,
23148128,
23148237,
23148514,
23148800,
23148947,
23148953,
23149701,
23149797,
23149882,
23150024,
23150057,
23150169,
23150393,
23150440,
23150496,
23150516,
23150647,
23150716,
23150836,
23151446,
23151653,
23151672,
23181930,
23185858,
23186119,
23186158,
23186197,
23186274,
23186463,
23186500,
23186523,
23186574,
23186608,
23186674,
23186702,
23186708,
23186785,
23186855,
23187384,
23187388,
23187393,
23187556,
23187609,
23187674,
23187865,
23188497,
23188507,
23188564,
23188599,
23188618,
23188829,
23188901,
23188988,
23189033,
23189150,
23189414,
23189529,
23189554,
23189831,
23189888,
23189931,
23189976,
23190023,
23190220,
23190373,
23190723,
23190799,
23191065,
23191078,
23191096,
23191340,
23191347,
23191356,
23191523,
23191739,
23191799,
23192024,
23192086,
23192117,
23192174,
23192303,
23192424,
23192553,
23192623,
23192637,
23192705,
23192750,
23192841,
23192857,
23192926,
23192948,
23193123,
23193155,
23193315,
23193453,
23193454,
23193697,
23193715,
23193730,
23193782,
23193814,
23193996,
23194054,
23194164,
23194376,
23194431,
23194465,
23194665,
23194683,
23194726,
23194852,
23194999,
23195188,
23195274,
23195998,
23196238,
23196799,
23197024,
23197165,
23197223,
23197656,
23197757,
23197797,
23197941,
23197949,
23197987,
23198009,
23198064,
23198199,
23198448,
23198574,
23198729,
23198817,
23199620,
23199757,
23199889,
23199916,
23200265,
23200367,
23200665,
23200771,
23201110,
23201465,
23201697,
23201951,
23202247,
23202359,
23202397,
23202598,
23202798,
23203248,
23203354,
23203397,
23203441,
23203551,
23203615,
23203626,
23203697,
23203723,
23203741,
23203767,
23203798,
23203890,
23203902,
23203924,
23203926,
23203930,
23203988,
23204018,
23204176,
23204181,
23204226,
23204347,
23204621,
23204630,
23204674,
23204798,
23204888,
23205016,
23205073,
23205140,
23205296,
23205378,
23205385,
23205715,
23205741,
23206064,
23206108,
23206171,
23206265,
23206348,
23206353,
23206549,
23206646,
23206681,
23206865,
23207573,
23207608,
23207727,
23207824,
23207994,
23208117,
23208424,
23208490,
23208647,
23208700,
23209348,
23209394,
23209588,
23209629,
23209691,
23209815,
23210100,
23210167,
23210262,
23210548,
23210549,
23210754,
23210927,
23211065,
23211199,
23211541,
23211665,
23211698,
23211803,
23211833,
23212017,
23212771,
23212924,
23212968,
23213023,
23213332,
23213348,
23213546,
23214215,
23214367,
23214817,
23215049,
23215083,
23215609,
23215641,
23215834,
23216048,
23216149,
23216215,
23216331,
23216500,
23216659,
23216723,
23217023,
23217047,
23217055,
23217393,
23217981,
23218049,
23218604,
23218723,
23218826,
23218845,
23218974,
23219069,
23219599,
23219678,
23220020,
23220036,
23220438,
23220609,
23220616,
23220657,
23221182,
23221257,
23221447,
23221690,
23221755,
23221803,
23222061,
23222099,
23222283,
23222511,
23222534,
23222763,
23222840,
23223155,
23223264,
23223288,
23223399,
23223848,
23223990,
23224019,
23224342,
23224449,
23224505,
23224552,
23224568,
23224749,
23224755,
23224920,
23225046,
23225068,
23225179,
23225271,
23225294,
23226300,
23226305,
23226601,
23227066,
23227840,
23227852,
23227906,
23228330,
23228397,
23228406,
23228584,
23229035,
23229579,
23229686,
23229929,
23230348,
23230547,
23230569,
23230930,
23231097,
23231755,
23231805,
23232053,
23232056,
23232188,
23232214,
23232256,
23232504,
23232549,
23233395,
23233403,
23233490,
23233617,
23233736,
23234307,
23234672,
23234781,
23235198,
23235364,
23235621,
23235791,
23235805,
23236226,
23236506,
23236622,
23237756,
23237959,
23238113,
23238252,
23238435,
23238842,
23238944,
23238947,
23239053,
23239055,
23239070,
23239072,
23239099,
23239320,
23239499,
23239500,
23239723,
23239824,
23240306,
23240479,
23240583,
23240770,
23240811,
23241040,
23241128,
23242074,
23242080,
23242227,
23242794,
23243371,
23243689,
23243832,
23244447,
23244571,
23244975,
23245418,
23245770,
23245973,
23246009,
23246171,
23246385,
23246439,
23246782,
23247370,
23247430,
23247841,
23248045,
23248272,
23248329,
23248419,
23248464,
23248478,
23248780,
23249120,
23249532,
23249589,
23249934,
23250665,
23251315,
23251527,
23251682,
23251849,
23251966,
23252547,
23252909,
23252980,
23253661,
23254514,
23254547,
23254632,
23254705,
23255066,
23255214,
23255275,
23255340,
23255819,
23255966,
23255978,
23256246,
23256308,
23256353,
23256660,
23257166,
23257770,
23257868,
23258021,
23258063,
23258100,
23258170,
23259128,
23259480,
23259828,
23260176,
23260472,
23260597,
23260598,
23260647,
23260709,
23261038,
23261614,
23261689,
23262135,
23262728,
23263436,
23263437,
23264179,
23264280,
23264855,
23265578,
23265734,
23265917,
23265944,
23265969,
23266281,
23266841,
23267678,
23268193,
23268329,
23268665,
23269005,
23269081,
23269481,
23269529,
23269815,
23270024,
23270087,
23270312,
23270378,
23270894,
23270917,
23271004,
23271569,
23272098,
23273119,
23273166,
23273352,
23273467,
23273860,
23274326,
23275156,
23275765,
23275797,
23276162,
23276415,
23276590,
23276681,
23276752,
23276834,
23276835,
23276879,
23277060,
23277086,
23277308,
23277739,
23277962,
23278079,
23278245,
23278407,
23278811,
23278829,
23279127,
23279312,
23279433,
23279724,
23279803,
23279944,
23279976,
23280050,
23280223,
23280230,
23280340,
23281417,
23281524,
23281641,
23281938,
23282115,
23282195,
23282417,
23282596,
23282771,
23282919,
23282940,
23282955,
23283038,
23283347,
23283622,
23283641,
23283740,
23283841,
23284396,
23284548,
23284612,
23284925,
23285089,
23285368,
23285495,
23285727,
23286245,
23286317,
23286624,
23286801,
23286862,
23286996,
23287097,
23287130,
23287321,
23287794,
23287922,
23287945,
23288055,
23288080,
23288085,
23288170,
23288965,
23288969,
23289166,
23289272,
23290205,
23290612,
23290845,
23290848,
23291069,
23291097,
23291245,
23291307,
23291351,
23291508,
23291672,
23292540,
23292656,
23292739,
23292785,
23293247,
23293645,
23293911,
23293950,
23294389,
23294837,
23295263,
23295484,
23295813,
23296144,
23296271,
23296629,
23296754,
23296898,
23297079,
23297264,
23297844,
23298064,
23298114,
23298322,
23298410,
23298922,
23300160,
23300704,
23301013,
23301408,
23301679,
23302380,
23303015,
23303629,
23304313,
23304730,
23304887,
23304893,
23304910,
23305313,
23306530,
23306534,
23306584,
23306736,
23307048,
23307332,
23307396,
23307546,
23307569,
23307832,
23308236,
23308347,
23308355,
23308993,
23309299,
23309307,
23309765,
23309813,
23309838,
23310046,
23310227,
23310421,
23310456,
23310510,
23311115,
23311182,
23311279,
23311749,
23311807,
23311859,
23312056,
23312626,
23312655,
23312714,
23312765,
23313422,
23313554,
23313634,
23314581,
23314686,
23314858,
23314983,
23315613,
23316582,
23316610,
23316931,
23317013,
23317469,
23317581,
23317969,
23317996,
23318477,
23319788,
23320480,
23320854,
23321712,
23322065,
23322531,
23324186,
23324264,
23324464,
23325105,
23326214,
23326664,
23326668,
23327940,
23328009,
23328302,
23328772,
23329159,
23329278,
23329590,
41086606,
41086632,
41088531,
41088802,
41089175,
41089260,
41090769,
41090840,
41091240,
41091549,
41091956,
41092240,
41093177,
41093241,
41093589,
41093729,
41094192,
41094407,
41094777,
41095040,
41095146,
41095260,
41095482,
41095755,
41096185,
41096812,
41097032,
41097172,
41097389,
41098071,
41098455,
41099292,
41100293,
41100295,
41100957,
41101369,
41101447,
41101947,
41102257,
41102371,
41103391,
41103514,
41103570,
41103626,
41104120,
41104156,
41104315,
41104724,
41104765,
41105143,
41105144,
41105569,
41105826,
41105884,
41106266,
41106504,
41106521,
41106551,
41106695,
41106751,
41106872,
41107135,
41107586,
41107589,
41107936,
41108158,
41108209,
41108404,
41109673,
41110889,
41111672,
41112332,
41112741,
41112908,
41113826,
41113887,
41114164,
41114908,
41114931,
41115455,
41115826,
41116244,
41116492,
41117093,
41117221,
41117281,
41117295,
41117457,
41117480,
41117706,
41118691,
41118886,
41120501,
41121867,
41121973,
41122266,
41122322,
41122835,
41123617,
41124054,
41124122,
41124164,
41124362,
41124449,
41124730,
41124935,
41125033,
41125157,
41125712,
41126117,
41126238,
41126628,
41126752,
41127403,
41128366,
41128515,
41128864,
41128885,
41128968,
41129069,
41130674,
41130842,
41131888,
41132533,
41133011,
41133047,
41133453,
41134005,
41135908,
41136187,
41137073,
41137308,
41137391,
41138196,
41138300,
41138303,
41139291,
41139356,
41139471,
41139688,
41140387,
41140449,
41140695,
41140705,
41140868,
41141902,
41142971,
41143663,
41143843,
41143861,
41143885,
41144094,
41146268,
41146470,
41147244,
41147275,
41147332,
41147419,
41148468,
41148970,
41150721,
41150733,
41150914,
41151202,
41151261,
41151582,
41151801,
41151865,
41152140,
41152538,
41153142,
41153710,
41153905,
41154305,
41154538,
41154645,
41154661,
41154731,
41155038,
41155044,
41155048,
41155108,
41155133,
41155179,
41155339,
41155661,
41155880,
41155895,
41156021,
41156039,
41156818,
41156919,
41157460,
41157500,
41157745,
41157860,
41158730,
41159235,
41159299,
41159922,
41160190,
41160262,
41160265,
41160451,
41160958,
41162021,
41162371,
41162595,
41163125,
41163397,
41163840,
41164648,
41164894,
41165016,
41165017,
41166944,
41167519,
41167703,
41168123,
41168315,
41168609,
41168818,
41168871,
41169212,
41169443,
41169892,
41171103,
41171194,
41171264,
41171483,
41171589,
41171746,
41172854,
41173866,
41174223,
41174302,
41174884,
41175058,
41175082,
41175155,
41175473,
41175819,
41175831,
41176163,
41176976,
41177023,
41177097,
41177141,
41178575,
41178695,
41179108,
41179339,
41180171,
41180337,
41180703,
41180752,
41181438,
41181643,
41182110,
41182183,
41182241,
41182326,
41182520,
41182596,
41182618,
41183063,
41183930,
41185403,
41185513,
41186035,
41186174,
41186333,
41186613,
41188058,
41188091,
41188511,
41188802,
41188996,
41190008,
41190073,
41190275,
41190368,
41190763,
41191127,
41191343,
41191413,
41191698,
41192367,
41192812,
41192874,
41192958,
41193494,
41193877,
41194003,
41194154,
41194282,
41194588,
41194595,
41195026,
41195409,
41195636,
41195760,
41196338,
41196402,
41196422,
41196817,
41197281,
41197357,
41197377,
41198246,
41198505,
41198860,
41198909,
41199221,
41199752,
41200176,
41200516,
41200821,
41201008,
41201566,
41201577,
41202156,
41203941,
41205073,
41205124,
41205129,
41205426,
41205742,
41205830,
41206514,
41206692,
41206696,
41207390,
41207568,
41208094,
41208097,
41208211,
41210748,
41211354,
41211459,
41211954,
41212057,
41213024,
41213418,
41214751,
41214948,
41216953,
41217360,
41217737,
41217989,
41218051,
41218554,
41219034,
41219052,
41219551,
41220015,
41220612,
41220676,
41220786,
41221874,
41222674,
41223344,
41223729,
41223940,
41224082,
41224538,
41224603,
41224901,
41225053,
41226412,
41226415,
41226737,
41226933,
41227577,
41227792,
41227873,
41227877,
41228406,
41228439,
41228660,
41229639,
41229997,
41230392,
41230665,
41231099,
41231768,
41231838,
41232426,
41232478,
41233252,
41233299,
41233723,
41234764,
41234844,
41235335,
41235655,
41236347,
41236380,
41237943,
41238772,
41239427,
41239956,
41241048,
41241351,
41243039,
41243338,
41243597,
41243738,
41244115,
41244556,
41244824,
41245106,
41245967,
41246775,
41247103,
41247219,
41247238,
41247270,
41249923,
41250603,
41250769,
41251242,
41252175,
41252302,
41252557,
41252980,
41253187,
41253217,
41254097,
41254505,
41255369,
41255396,
41255912,
41256045,
41256266,
41256445,
41257547,
41258235,
41260034,
41260215,
41261413,
41261530,
41262290,
41262659,
41263444,
41263741,
41263901,
41264187,
41264431,
41264504,
41265164,
41266101,
41266205,
41266515,
41266548,
41266836,
41267440,
41268159,
41268283,
41269095,
41269207,
41270127,
41270382,
41272114,
41272269,
41274011,
41274113,
41274580,
41274918,
41274993,
41275415,
41275547,
41275955,
41276919,
41277199,
41277282,
41277330,
41278115,
41278147,
41278224,
41278250,
41278279,
41279119,
41279637,
41279785,
41279962,
41280331,
41281170,
41281575,
41282524,
41282917,
41283211,
41283559,
41283582,
41284773,
41285462,
41285844,
41285951,
41286671,
41286993,
41287249,
41287387,
41289089,
41289790,
41290411,
41290740,
41290786,
41291912,
41292705,
41292859,
41294323,
41294362,
41294857,
41294872,
41295110,
41295402,
41295963,
41296106,
41296177,
41296251,
41296896,
41298533,
41299162,
41300776,
41301093,
41301347,
41301938,
41302347,
41302935,
41302961,
41303329,
41304795,
41305817,
41306419,
41306793,
41307028,
41307822,
41308471,
41308822,
41308969,
41309311,
41309415,
41310066,
41310551,
41310618,
41310871,
41310963,
41312088,
41312368,
41314491,
41314559,
41315997,
41316256,
41316327,
41316377,
41316552,
41318062,
41318216,
41318470,
41318542,
41318568,
41318847,
41319023,
41319285,
41319952,
41320970,
41321288,
41321608,
41321627,
41322749,
41324101,
41324190,
41324502,
41325475,
41325711,
41325879,
41326695,
41326852,
41326886,
41327228,
41327351,
41327353,
41328206,
41328369,
41328640,
41329394,
41329624,
41329668,
41330003,
41330280,
41330423,
41330663,
41330857,
41331035,
41331126,
41331299,
41332027,
41332137,
41332146,
41332534,
41332594,
41333536,
41334054,
41334357,
41334789,
41335035,
41335115,
41335569,
41336066,
41336410,
41336697,
41336789,
41336953,
41337083,
41337357,
41337651,
41337655,
41337722,
41337949,
41338173,
41338203,
41338248,
41338286,
41338698,
41338855,
41338966,
41339136,
41339770,
41339793,
41339835,
41340230,
41340480,
41340675,
41340992,
41341043,
41341352,
41341413,
41341445,
41341614,
41341823,
41342426,
41343476,
41344011,
41344825,
41344925,
41345037,
41345609,
41345661,
41345766,
41346100,
41347120,
41347136,
41347446,
41347457,
41347619,
41347740,
41347765,
41347857,
41348033,
41348297,
41348376,
41348896,
41350321,
41351049,
41351451,
41352362,
41352771,
41352847,
41352855,
41353652,
41353924,
41354399,
41354523,
41355438,
41355538,
41356047,
41356211,
41356245,
41356280,
41356330,
41356624,
41356715,
41356928,
41357427,
41358446,
41358795,
41358814,
41359190,
41359308,
41359550,
41359844,
41360247,
41361165,
41361705,
41361938,
41362450,
41363622,
41363802,
41363840,
41364042,
41364265,
41365230,
41365825,
41365903,
41366072,
41366728,
41366891,
41367064,
41367865,
41368124,
41368304,
41368674,
41368697,
41368707,
41368727,
41368777,
41368824,
41369057,
41369112,
41369288,
41369300,
41369888,
41370405,
41370957,
41371589,
41372585,
41372706,
41373217,
41373220,
41374419,
41374597,
41375182,
41377663,
41378973,
41379988,
41380618,
41380699,
41380998,
41381393,
41382709,
41383140,
41383212,
41385637,
41385778,
41386436,
41386509,
41387383,
41387700,
41387963,
41388288,
41388363,
41388745,
41389131,
41390368,
41390423,
41390566,
41391573,
41391782,
41394428,
41394799,
41395158,
41395762,
41395983,
41397278,
41397480,
41397524,
41397881,
41398102,
41399750,
41399908,
41400275,
41400453,
41401816,
41402925,
41403036,
41403260,
41403587,
41403933,
41403992,
41404210,
41404307,
41404414,
41405982,
41406386,
41408146,
41408665,
41408923,
41409639,
41410018,
41410344,
41411014,
41411505,
41411989,
41412022,
41412361,
41412663,
41412702,
41413419,
41413859,
41413886,
41414190,
41414631,
41414911,
41414932,
41415513,
41415970,
41416061,
41416176,
41416410,
41416642,
41416735,
41417353,
41417890,
41418067,
41418136,
41418213,
41418367,
41418673,
41418899,
41419274,
41419707,
41419869,
41419956,
41420103,
41420555,
41420794,
41421986,
41422719,
41423682,
41423999,
41424178,
41424847,
41424887,
41425696,
41425724,
41426185,
41426492,
41427027,
41427075,
41427376,
41427493,
41427554,
41427829,
41427866,
41428292,
41428375,
41428575,
41428676,
41428680,
41428876,
41428917,
41428919,
41429331,
41429669,
41429791,
41429984,
41430033,
41430817,
41431775,
41433919,
41434095,
41434431,
41435740,
41436402,
41436444,
41436781,
41436936,
41437112,
41438006,
41438591,
41438762,
41439465,
41439694,
41439741,
41440267,
41440787,
41441767,
41441949,
41441997,
41442689,
41442697,
41443125,
41443152,
41443909,
41444241,
41444496,
41444515,
41445097,
41445607,
41445749,
41445802,
41447877,
41448080,
41448605,
41449106,
41449159,
41449768,
41450361,
41450480,
41450500,
41450717,
41451176,
41451540,
41451625,
41451741,
41451843,
41452088,
41452279,
41452280,
41453037,
41454120,
41454383,
41454721,
41455025,
41455994,
41456389,
41456644,
41456876,
41456937,
41457057,
41457351,
41458181,
41458382,
41458439,
41458735,
41458919,
41459482,
41459683,
41459835,
41459912,
41460156,
41461351,
41461787,
41461942,
41462485,
41463495,
41463522,
41463809,
41463880,
41464152,
41464509,
41465135,
41465966,
41466401,
41467161,
41467513,
41468853,
41469013,
41469740,
41469825,
41469928,
41470037,
41470053,
41470102,
41471488,
41471547,
41473040,
41473660,
41474367,
41474523,
41474650,
41475361,
41475851,
41476151,
41476804,
41477703,
41477931,
41478016,
41478480,
41478997,
41479180,
41479243,
41479265,
41479381,
41479429,
41479497,
41479508,
41479567,
41479657,
41479918,
41480169,
41480649,
41480743,
41480762,
41480792,
41480800,
41480846,
41481394,
41481957,
41482187,
41483060,
41483875,
41484138,
41484851,
41486830,
41487196,
41488671,
41489035,
41489533,
41490045,
41490361,
41490676,
41490706,
41490917,
41491651,
41493008,
41493332,
41494071,
41494338,
41495172,
41495625,
41496260,
41496363,
41498753,
41498820,
41499479,
41499842,
41499993,
41500077,
41500749,
41502119,
41502516,
41503172,
41504201,
41504332,
41504929,
41505129,
41505485,
41505575,
41505749,
41506706,
41506868,
41506937,
41506952,
41508239,
41508697,
41508864,
41509259,
41509377,
41509741,
41509952,
41510386,
41510492,
41510667,
41510695,
41510738,
41511498,
41511824,
41512720,
41513255,
41514447,
41514548,
41514571,
41514573,
41515071,
41515560,
41516456,
41517118,
41517123,
41517486,
41518927,
41519063,
41519210,
41519748,
41520398,
41522714,
41523256,
41523792,
41525253,
41525817,
41526922,
41526989,
41527270,
41528452,
41528780,
41529164,
41529171,
41530491,
41530908,
41532052,
41532263,
41532368,
41532600,
41533005,
41533679,
41533683,
41534184,
41534368,
41535015,
41535047,
41536261,
41536579,
41536593,
41537019,
41537193,
41537379,
41537465,
41537750,
41537827,
41538339,
41538416,
41539792,
41539988,
41540209,
41540319,
41540392,
41540490,
41540905,
41540927,
41541145,
41541371,
41542161,
41542253,
41542283,
41543758,
41543845,
41544601,
41545786,
41546272,
41546929,
41547227,
41547508,
41547648,
41547711,
41548270,
41548581,
41549627,
41551651,
41551715,
41552203,
41552266,
41552350,
41552386,
41552395,
41552423,
41552570,
41552603,
41552606,
41552641,
41552692,
41552773,
41552781,
41552807,
41552839,
41552840,
41552946,
41552950,
41552985,
41553022,
41553025,
41553170,
41553207,
41553240,
41553278,
41553414,
41553489,
41553540,
41553568,
41553594,
41553625,
41553757,
41553785,
41553885,
41553942,
41554059,
41554075,
41554163,
41554233,
41554310,
41554335,
41554459,
41554465,
41554499,
41554566,
41554697,
41554785,
41554802,
41554962,
41554990,
41555053,
41555090,
41555325,
41555414,
41555573,
41555641,
41555685,
41555851,
41555921,
41555985,
41555994,
41556105,
41556195,
41556282,
41556297,
41556422,
41556432,
41556525,
41556546,
41556622,
41556638,
41556645,
41556669,
41556687,
41556745,
41556845,
41557042,
41557130,
41557342,
41557351,
41557498,
41557552,
41557555,
41557578,
41557665,
41557739,
41557827,
41558051,
41558134,
41558207,
41558255,
41558265,
41558295,
41558370,
41558382,
41558475,
41559351,
41559400,
41559485,
41559574,
41559630,
41559641,
41559757,
41560143,
41560150,
41560465,
41560577,
41560599,
41560742,
41560782,
41560807,
41561112,
41561254,
41561375,
41561379,
41561606,
41562203,
41562405,
41562525,
41562727,
41562805,
41562885,
41562897,
41563679,
41564401,
41564595,
41564779,
41564874,
41564975,
41565060,
41565170,
41565354,
41565566,
41566086,
41566094,
41566281,
41566441,
41566517,
41567239,
41567250,
41567277,
41567466,
41567595,
41568139,
41568352,
41568363,
41568619,
41568658,
41568677,
41568678,
41568712,
41568920,
41569020,
41569359,
41569589,
41569616,
41569747,
41569808,
41570077,
41570110,
41570895,
41571134,
41571460,
41571589,
41572295,
41572525,
41573480,
41573995,
41574012,
41574133,
41574164,
41574395,
41574780,
41574829,
41574972,
41575273,
41575551,
41576569,
41576736,
41576783,
41577396,
41577635,
41578059,
41579035,
41579082,
41579345,
41579563,
41579771,
41579961,
41580109,
41580133,
41580651,
41580810,
41580863,
41580873,
41580958,
41581707,
41581710,
41581852,
41581959,
41582048,
41582351,
41582377,
41582419,
41582510,
41582680,
41582828,
41583035,
41583274,
41583389,
41583450,
41583634,
41583893,
41584082,
41584084,
41584197,
41584654,
41584952,
41584962,
41584967,
41585454,
41585706,
41585782,
41586135,
41586342,
41586708,
41586878,
41587061,
41587751,
41587843,
41587972,
41588014,
41588114,
41588214,
41588431,
41588715,
41588818,
41588977,
41589367,
41589418,
41589501,
41589670,
41590097,
41590124,
41590377,
41590518,
41590521,
41590701,
41590710,
41590741,
41590911,
41591078,
41591569,
41591628,
41591706,
41591752,
41591909,
41591941,
41592220,
41592850,
41592896,
41593963,
41594116,
41595403,
41595672,
41595789,
41595860,
41595922,
41595948,
41596011,
41596352,
41597143,
41597274,
41597328,
41597926,
41597965,
41597977,
41598476,
41598662,
41598857,
41599479,
41599620,
41599716,
41600159,
41600605,
41600835,
41601085,
41601188,
41601228,
41601785,
41601887,
41602026,
41602261,
41602985,
41603039,
41603136,
41603623,
41604489,
41604665,
41605452,
41606156,
41606427,
41606599,
41606641,
41606898,
41606927,
41606950,
41607193,
41607266,
41607384,
41607438,
41607456,
41607775,
41608627,
41608634,
41608971,
41610715,
41610739,
41610865,
41611621,
41611904,
41612385,
41613443,
41613444,
41613456,
41614029,
41614475,
41614487,
41614563,
41614707,
41615059,
41616059,
41616078,
41616339,
41616488,
41617242,
41618256,
41618557,
41618744,
41618897,
41619533,
41619624,
41619627,
41619780,
41620296,
41620302,
41620409,
41620644,
41620767,
41621009,
41621361,
41621964,
41622041,
41622229,
41622809,
41622840,
41623082,
41623304,
41623453,
41623471,
41623552,
41623740,
41624208,
41624505,
41624582,
41624725,
41624844,
41624923,
41625187,
41625508,
41626261,
41626428,
41626648,
41627039,
41627299,
41627311,
41627502,
41627704,
41627787,
41627851,
41627922,
41628036,
41628675,
41628694,
41628916,
41629083,
41629162,
41629699,
41629759,
41629996,
41630128,
41630749,
41631749,
41632050,
41632119,
41632536,
41632803,
41633953,
41634291,
41634515,
41635142,
41636013,
41638249,
41639680,
41640402,
41640494,
41641101,
41641674,
41642043,
41642762,
41643217,
41643698,
41644274,
41644465,
41644715,
41644978,
41645236,
41645546,
41645602,
41645821,
41646030,
41647112,
41647153,
41647256,
41647771,
41647772,
41647916,
41647996,
41648085,
41649372,
41649644,
41649739,
41649992,
41650757,
41650786,
41651234,
41651781,
41651953,
41652073,
41652944,
41652964,
41654381,
41654406,
41655093,
41655141,
41655784,
41656961,
41657119,
41657139,
41657436,
41657552,
41658449,
41659337,
41659916,
41659974,
41659993,
41660276,
41660999,
41661128,
41661298,
41661324,
41661509,
41661957,
41662013,
41662121,
41662595,
41663027,
41663351,
41663970,
41664885,
41666724,
41667270,
41668289,
41668465,
41668588,
41668679,
41670389,
41670428,
41670477,
41671499,
41671792,
41671814,
41672074,
41673408,
41673438,
41674018,
41674066,
41674336,
41674395,
41674405,
41674417,
41674515,
41674560,
41674621,
41674753,
41674862,
41675032,
41675367,
41675630,
41675914,
41676157,
41676297,
41676355,
41676525,
41678441,
41678989,
41679877,
41679940,
41679981,
41681644,
41682057,
41682548,
41682601,
41683638,
41683704,
41684435,
41684499,
41684546,
41684935,
41685379,
41685775,
41685789,
41687031,
41687129,
41688007,
41688154,
41688677,
41688867,
41688889,
41689350,
41689615,
41689643,
41689753,
41689885,
41690544,
41690560,
41690733,
41690807,
41690905,
41691215,
41691308,
41692075,
41692138,
41692250,
41692294,
41692298,
41692350,
41692805,
41692842,
41692862,
41692923,
41693081,
41693786,
41693846,
41693953,
41694296,
41694344,
41694626,
41694662,
41694831,
41695169,
41695574,
41695690,
41695709,
41696031,
41696305,
41696333,
41696431,
41697579,
41698556,
41699388,
41699543,
41699602,
41700119,
41700662,
41700796,
41701089,
41701340,
41701773,
41701878,
41702332,
41702720,
41703434,
41703472,
41703531,
41703719,
41703776,
41703878,
41704128,
41704669,
41704737,
41705212,
41705603,
41706133,
41706433,
41706652,
41706950,
41707632,
41707744,
41708440,
41709903,
41710110,
41710327,
41710377,
41710501,
41710551,
41710706,
41711688,
41711706,
41711908,
41712537,
41712618,
41712670,
41712805,
41713274,
41713887,
41713996,
41714465,
41715248,
41715607,
41715839,
41715995,
41716383,
41716495,
41716628,
41716671,
41716750,
41716793,
41717851,
41718177,
41718233,
41718388,
41718501,
41718559,
41718673,
41719073,
41719206,
41719637,
41719817,
41719830,
41719879,
41720017,
41720044,
41720102,
41720253,
41721137,
41721741,
41721832,
41721864,
41722041,
41722521,
41722713,
41723817,
41723891,
41723989,
41724380,
41724632,
41724655,
41724873,
41725352,
41726273,
41726280,
41726399,
41726461,
41726933,
41727110,
41727296,
41727671,
41727829,
41728064,
41728204,
41728374,
41728937,
41728998,
41729153,
41729707,
41730419,
41730430,
41730690,
41730720,
41730728,
41730875,
41730894,
41731012,
41732356,
41733165,
41733956,
41734644,
41734859,
41735935,
41736135,
41736278,
41736477,
41736815,
41737473,
41737604,
41737793,
41738744,
41738748,
41739180,
41739855,
41739971,
41741033,
41741295,
41741936,
41742449,
41742739,
41743374,
41743955,
41744023,
41744173,
41744509,
41744691,
41744731,
41744986,
41744996,
41745107,
41745354,
41745476,
41745558,
41745640,
41745747,
41746124,
41746397,
41746799,
41747311,
41747622,
41747930,
41748116,
41749227,
41749277,
41749297,
41749453,
41749537,
41750135,
41750505,
41750652,
41750956,
41751555,
41751913,
41752107,
41752250,
41753246,
41753296,
41753352,
41753513,
41753814,
41754071,
41754327,
41754414,
41754502,
41754643,
41754872,
41755214,
41755916,
41757074,
41757367,
41757707,
41757846,
41758099,
41758148,
41758342,
41758396,
41759067,
41759705,
41759743,
41759981,
41760069,
41760289,
41760527,
41761020,
41762463,
41763333,
41763347,
41763726,
41763809,
41764083,
41764259,
41765449,
41765457,
41765634,
41765667,
41765792,
41766106,
41766112,
41766544,
41767099,
41767345,
41767597,
41767629,
41768021,
41768067,
41768944,
41769154,
41769311,
41769449,
41769482,
41769639,
41769874,
41770588,
41770594,
41770732,
41774759,
41775253,
41775642,
41776234,
41776717,
41777034,
41777167,
41777202,
41778853,
41778884,
41779083,
41779363,
41779996,
41780431,
41780504,
41780544,
41781887,
41782667,
41782887,
41783684,
41783839,
41784482,
41784627,
41784683,
41784796,
41785008,
41785428,
41785467,
41785571,
41786077,
41786305,
41786537,
41786711,
41787012,
41787067,
41787078,
41787136,
41787155,
41787452,
41788387,
41788994,
41789268,
41789464,
41789703,
41790376,
41791884,
41792367,
41792761,
41793016,
41793038,
41794033,
41794056,
41794151,
41794176,
41794756,
41795695,
41796566,
41796816,
41796944,
41797231,
41798140,
41798169,
41798682,
41798784,
41799539,
41799921,
41799949,
41800103,
41800894,
41801332,
41801989,
41802209,
41802259,
41802707,
41802766,
41803029,
41803030,
41803216,
41803540,
41804016,
41804213,
41804257,
41804332,
41804795,
41805023,
41805837,
41805961,
41806900,
41807197,
41809128,
41809227,
41809603,
41810279,
41811027,
41811498,
41811743,
41812002,
41812086,
41812226,
41812997,
41813102,
41813126,
41813956,
41814140,
41814494,
41815103,
41815123,
41815701,
41815956,
41816122,
41816663,
41816725,
41816973,
41817105,
41817179,
41818742,
41818829,
41818985,
41819062,
41819302,
41819442,
41819540,
41819565,
41819779,
41820008,
41820047,
41820129,
41820621,
41820723,
41821237,
41821258,
41821800,
41821913,
41822516,
41822985,
41823225,
41823647,
41824100,
41824547,
41824565,
41824805,
41825025,
41827315,
41827646,
41827819,
41827872,
41828162,
41828640,
41828907,
41830062,
41830241,
41830416,
41830701,
41830882,
41831119,
41831729,
41831877,
41831918,
41832781,
41832806,
41833679,
41833902,
41834577,
41835007,
41837063,
41837443,
41837515,
41837819,
41839332,
41839438,
41839694,
41839773,
41840153,
41840219,
41840281,
41840450,
41840692,
41840859,
41842362,
41842881,
41843198,
41843743,
41843838,
41844674,
41844700,
41844807,
41845421,
41845450,
41845857,
41845878,
41845895,
41846065,
41846622,
41846740,
41846847,
41847017,
41847056,
41847340,
41848536,
41848916,
41849497,
41850092,
41850457,
41850508,
41850652,
41850840,
41851094,
41851537,
41851575,
41851918,
41852392,
41853531,
41853556,
41854308,
41854332,
41854335,
41854372,
41854756,
41854853,
41854949,
41855131,
41855536,
41855969,
41856786,
41856848,
41856973,
41856995,
41857037,
41857460,
41857461,
41857755,
41858246,
41858389,
41858552,
41858646,
41859265,
41859364,
41859367,
41859564,
41859588,
41860172,
41860405,
41861090,
41861137,
41861309,
41861399,
41861430,
41861884,
41862027,
41862128,
41862171,
41862416,
41862549,
41862839,
41862879,
41863339,
41863865,
41864320,
41864657,
41865075,
41865119,
41865429,
41865554,
41866175,
41866707,
41867151,
41867435,
41867574,
41867847,
41868511,
41869191,
41869198,
41869263,
41869616,
41869690,
41870235,
41870567,
41870762,
41870891,
41870998,
41871210,
41871282,
41871351,
41871398,
41871555,
41871567,
41871644,
41871677,
41871713,
41871731,
41871840,
41871851,
41871862,
41871878,
41871935,
41871971,
41872021,
41872073,
41872173,
41872178,
41872191,
41872233,
41872243,
41872271,
41872286,
41872291,
41872467,
41872546,
41872633,
41872686,
41872711,
41872742,
41872797,
41872838,
41872843,
41872860,
41872910,
41872937,
41872961,
41872998,
41873043,
41873087,
41873092,
41873110,
41873149,
41873228,
41873260,
41873327,
41873331,
41873345,
41873377,
41873427,
41873530,
41873537,
41873629,
41873634,
41873690,
41873781,
41873792,
41873882,
41874230,
41874261,
41874281,
41874473,
41874486,
41874513,
41874661,
41874687,
41874692,
41874819,
41874865,
41875131,
41875669,
41875689,
41875721,
41875826,
41875945,
41876289,
41876309,
41876326,
41876418,
41876427,
41876445,
41876553,
41876689,
41876691,
41876716,
41876854,
41876916,
41877313,
41877618,
41877789,
41877845,
41878044,
41878174,
41878233,
41878371,
41878376,
41878682,
41878971,
41879231,
41879384,
41879892,
41879956,
41879964,
41880205,
41880584,
41880632,
41880826,
41881062,
41881195,
41881407,
41881893,
41882142,
41882348,
41882369,
41882975,
41882982,
41883026,
41883049,
41883440,
41884159,
41884288,
41884869,
41884892,
41885035,
41885812,
41885815,
41885914,
41886194,
41886419,
41886490,
41886771,
41887248,
41887402,
41887775,
41887792,
41888023,
41888053,
41888692,
41888696,
41888996,
41889409,
41890328,
41891228,
41891511,
41891789,
41891829,
41891833,
41891983,
41892413,
41892461,
41893059,
41893484,
41894266,
41894423,
41894512,
41896928,
41897060,
41897575,
41898113,
41899050,
41899106,
41899312,
41899344,
41899551,
41899660,
41899864,
41900332,
41900368,
41900466,
41900979,
41901339,
41901346,
41901426,
41901509,
41901627,
41901701,
41902017,
41902037,
41902123,
41903059,
41903240,
41903428,
41904511,
41905071,
41905139,
41905195,
41905351,
41905386,
41906214,
41906384,
41907265,
41907289,
41907399,
41907563,
41907759,
41907941,
41908293,
41908351,
41908833,
41908868,
41908963,
41908981,
41909042,
41909068,
41909096,
41909530,
41909563,
41909619,
41909647,
41909692,
41909723,
41909788,
41909821,
41909856,
41909893,
41909928,
41909963,
41910049,
41910083,
41910132,
41910181,
41910234,
41910248,
41910281,
41910319,
41910353,
41910392,
41910434,
41910439,
41910462,
41910503,
41910541,
41911334,
41911524,
41911761,
41914174,
41914380,
41914572,
41914642,
41914680,
41914839,
41915169,
41915453,
41915458,
41915851,
41915892,
41916113,
41916428,
41916680,
41916838,
41917527,
41917758,
41918061,
41918575,
41918850,
41918936,
41919063,
41919131,
41919241,
41919541,
41920291,
41920295,
41921235,
41921349,
41921542,
41921865,
41922045,
41922466,
41922781,
41923088,
41923636,
41923746,
41923962,
41924031,
41924758,
41925116,
41925389,
41926021,
41926499,
41926501,
41926602,
41926745,
41926826,
41927282,
41927401,
41927770,
41927992,
41927998,
41928843,
41928900,
41928994,
41928998,
41929261,
41929623,
41929676,
41929709,
41929819,
41929836,
41930161,
41930285,
41930297,
41930380,
41930401,
41930448,
41930457,
41930493,
41930552,
41930679,
41930728,
41930820,
41931035,
41931299,
41931304,
41931394,
41931485,
41931647,
41931749,
41931927,
41931969,
41932045,
41932108,
41932131,
41932199,
41932214,
41932523,
41932676,
41932989,
41933180,
41933193,
41933220,
41933809,
41933978,
41934027,
41935152,
41935354,
41935456,
41935487,
41935615,
41935634,
41935768,
41936018,
41936096,
41936156,
41936192,
41936209,
41936212,
41936996,
41937042,
41937095,
41937131,
41937255,
41937475,
41938350,
41938413,
41938538,
41938547,
41938864,
41939087,
41939101,
41939350,
41939499,
41939897,
41940023,
41940342,
41940662,
41940989,
41941271,
41941349,
41941485,
41941506,
41941638,
41942037,
41942121,
41942219,
41942537,
41942929,
41943345,
41943627,
41943652,
41943653,
41943694,
41943771,
41943784,
41943881,
41944033,
41944115,
41944133,
41944358,
41944365,
41944527,
41944706,
41944885,
41944989,
41945184,
41945226,
41945229,
41945863,
41946194,
41946384,
41946468,
41946510,
41946548,
41946616,
41946699,
41946816,
41947049,
41947199,
41947205,
41947999,
41948088,
41948692,
41948827,
41949195,
41949674,
41949686,
41949792,
41950059,
41950359,
41950372,
41950545,
41950690,
41951438,
41951738,
41952332,
41952625,
41952933,
41953279,
41953281,
41953583,
41953592,
41953618,
41953959,
41954693,
41954769,
41955164,
41956394,
41956413,
41956502,
41956818,
41956990,
41956997,
41957047,
41957077,
41957106,
41957126,
41957155,
41957295,
41957330,
41957472,
41957558,
41958932,
41958977,
41959572,
41959727,
41960007,
41960041,
41961911,
41962041,
41962083,
41962245,
41962271,
41962325,
41962364,
41962380,
41962469,
41962484,
41962511,
41962542,
41962569,
41962629,
41963277,
41963339,
41963892,
41963955,
41963960,
41964017,
41964068,
41964561,
41964712,
41964838,
41964859,
41964892,
41965475,
41965480,
41965595,
41965702,
41965988,
41966177,
41966375,
41966376,
41966713,
41966832,
41967350,
41967460,
41967567,
41967641,
41967742,
41969181,
41969391,
41969561,
41969927,
41969999,
41970469,
41970529,
41970549,
41970910,
41970994,
41971205,
41971480,
41971523,
41972613,
41972841,
41973648,
41973758,
41973801,
41973842,
41974053,
41974085,
41974112,
41974124,
41974290,
41974432,
41974741,
41974863,
41974877,
41974885,
41974933,
41975136,
41975148,
41975152,
41975212,
41975231,
41975936,
41976039,
41976980,
41977047,
41977052,
41977234,
41977328,
41977335,
41977627,
41977877,
41977939,
41978052,
41978167,
41978380,
41978635,
41978852,
41979606,
41979775,
41980040,
41980250,
41980251,
41980688,
41980735,
41981025,
41982421,
41983320,
41983442,
41983473,
41983568,
41983655,
41984634,
41985326,
41985403,
41985641,
41985818,
41985979,
41986686,
41986811,
41986842,
41987504,
41987676,
41988726,
41988976,
41989726,
41989764,
41990621,
41990785,
41991302,
41992166,
41992210,
41992435,
41992503,
41992840,
41992913,
41993029,
41993430,
41993515,
41993885,
41994234,
41994357,
41994514,
41994884,
41995232,
41995333,
41995363,
41995881,
41996134,
41996369,
41996447,
41996503,
41996536,
41996553,
41996633,
41997144,
41997248,
41997303,
41997381,
41997419,
41997429,
41997448,
41997590,
41997637,
41997661,
41997697,
41997702,
41997721,
41997856,
41997921,
41997942,
41998169,
41998359,
41998417,
41998424,
41998516,
41998697,
41998756,
41998967,
41999048,
41999501,
41999556,
41999595,
41999663,
41999913,
42000341,
42000370,
42000517,
42000657,
42000684,
42001151,
42001426,
42001444,
42001732,
42002163,
42002481,
42002727,
42002802,
42003243,
42003670,
42003704,
42004019,
42004052,
42004340,
42004755,
42004864,
42005095,
42005412,
42005547,
42005568,
42005879,
42006017,
42006173,
42007034,
42007063,
42007067,
42007087,
42007167,
42007172,
42007188,
42007509,
42007566,
42007738,
42008235,
42008595,
42008620,
42008860,
42010015,
42010910,
42012494,
42012527,
42013294,
42013504,
42013575,
42013875,
42014105,
42014320,
42014332,
42014367,
42014416,
42014553,
42014665,
42014767,
42015203,
42015358,
42015508,
42015553,
42015814,
42016084,
42016279,
42016303,
42016591,
42017214,
42017398,
42017545,
42017597,
42017615,
42017874,
42018200,
42018347,
42018659,
42018852,
42019099,
42019361,
42019643,
42019755,
42019819,
42019976,
42020199,
42020562,
42020811,
42020978,
42021154,
42021176,
42021734,
42021928,
42022269,
42022291,
42022427,
42023129,
42023186,
42023577,
42023686,
42023707,
42024112,
42024134,
42024248,
42024815,
42024825,
42024886,
42025207,
42025241,
42025309,
42025480,
42025509,
42025592,
42025614,
42025866,
42026314,
42026419,
42026680,
42026742,
42027514,
42027608,
42027667,
42027792,
42027935,
42028082,
42028628,
42028813,
42028846,
42028946,
42029379,
42029546,
42030362,
42030512,
42031557,
42031921,
42032293,
42032521,
42032574,
42032916,
42033161,
42033853,
42034009,
42036014,
42036522,
42036925,
42037370,
42038117,
42040594,
42041745,
42041806,
42042241,
42042270,
42042837,
42043314,
42043443,
42043952,
42043959,
42044080,
42044083,
42044281,
42044556,
42044594,
42045489,
42045674,
42046751,
42047635,
42047895,
42048218,
42048302,
42048897,
42049050,
42049270,
42049604,
42049937,
42049949,
42050103,
42050151,
42050623,
42051059,
42051253,
42051312,
42051371,
42051835,
42051921,
42052365,
42052397,
42052675,
42052814,
42053034,
42053970,
42054027,
42054182,
42054250,
42054423,
42054432,
42054451,
42054509,
42054723,
42054920,
42054977,
42055214,
42055233,
42055337,
42055529,
42055535,
42055599,
42056163,
42056513,
42056679,
42057132,
42057676,
42057685,
42059152,
42059155,
42059240,
42059350,
42059472,
42059593,
42059708,
42059755,
42059965,
42060277,
42060882,
42061331,
42061703,
42061977,
42062055,
42062571,
42063264,
42063672,
42064015,
42064765,
42065542,
42067077,
42067733,
42067969,
42069649,
42069721,
42070181,
42070511,
42071067,
42072298,
42072538,
42072654,
42072738,
42072838,
42072955,
42073016,
42073083,
42073498,
42073684,
42073697,
42074549,
42075007,
42075466,
42075633,
42076033,
42076393,
42077166,
42077207,
42077763,
42078228,
42078461,
42078523,
42078796,
42078958,
42079107,
42079451,
42079458,
42080102,
42080285,
42080347,
42080557,
42080979,
42081303,
42081806,
42081901,
42082048,
42082083,
42082346,
42082441,
42082536,
42082803,
42082804,
42083217,
42083324,
42083586,
42083589,
42083600,
42083609,
42083860,
42083936,
42084032,
42084696,
42084704,
42084756,
42085725,
42086142,
42086211,
42086905,
42087135,
42087342,
42087663,
42087755,
42087832,
42087845,
42087910,
42087938,
42088502,
42088616,
42089315,
42089523,
42090282,
42091743,
42092259,
42092875,
42093046,
42093607,
42094215,
42094575,
42095771,
42096478,
42099052,
42099187,
42100223,
42100317,
42100669,
42101321,
42101504,
42101663,
42101948,
42103157,
42103397,
42104179,
42104364,
42104810,
42105458,
42105620,
42105679,
42105788,
42106463,
42106559,
42106622,
42106623,
42106776,
42106855,
42107042,
42107135,
42107695,
42108289,
42108346,
42108691,
42108746,
42108808,
42109797,
42109830,
42110149,
42110186,
42110481,
42110925,
42110981,
42111582,
42111891,
42111932,
42113105,
42113206,
42113313,
42113921,
42114014,
42114110,
42114141,
42114721,
42114781,
42114827,
42115125,
42115184,
42115366,
42115378,
42115705,
42115773,
42116037,
42116304,
42116469,
42116509,
42116615,
42116854,
42117305,
42117432,
42117683,
42117786,
42119678,
42119785,
42119926,
42120125,
42120454,
42122411,
42122849,
42123081,
42123106,
42123318,
42123474,
42123689,
42123726,
42123757,
42124315,
42124472,
42125238,
42126088,
42127897,
42128447,
42128748,
42128826,
42128827,
42128903,
42128929,
42128973,
42129176,
42129458,
42131097,
42131777,
42131877,
42132077,
42132133,
42132323,
42132460,
42133002,
42133193,
42133794,
42133995,
42134200,
42134453,
42134585,
42135411,
42135622,
42135692,
42135831,
42135935,
42136159,
42136175,
42136445,
42137126,
42137495,
42137725,
42137831,
42138326,
42138375,
42139058,
42139122,
42139542,
42139823,
42140078,
42140295,
42140405,
42140549,
42140845,
42140972,
42141560,
42141835,
42142077,
42142086,
42142242,
42142849,
42143065,
42144596,
42145229,
42146633,
42146991,
42147008,
42147333,
42147364,
42147421,
42147491,
42148869,
42149076,
42149087,
42150285,
42151321,
42151861,
42152538,
42153813,
42154708,
42155854,
42155988,
42158528,
42158607,
42158807,
42159336,
42160359,
42160785,
42160823,
42160993,
42161291,
42161617,
42161870,
42161893,
42162150,
42162933,
42162935,
42163143,
42163193,
42163989,
42164327,
42164390,
42164643,
42164991,
42165082,
42165232,
42165261,
42165833,
42165889,
42167661,
42168477,
42169361,
42169407,
42169570,
42169602,
42169833,
42169903,
42170025,
42170947,
42171465,
42171471,
42171816,
42172450,
42172622,
42172806,
42172845,
42172872,
42172979,
42173047,
42173858,
42174427,
42174494,
42174631,
42174637,
42174891,
42174974,
42175331,
42175640,
42175971,
42176177,
42176781,
42178927,
42179007,
42179066,
42179479,
42179483,
42180006,
42181026,
42181123,
42181877,
42182613,
42182794,
42183075,
42183374,
42183631,
42183669,
42184241,
42184589,
42185638,
42186159,
42186274,
42186499,
42186597,
42186959,
42187472,
42188675,
42188787,
42188823,
42189184,
42189317,
42189988,
42190262,
42190342,
42190548,
42191039,
42191299,
42191352,
42191586,
42191616,
42191657,
42191929,
42192118,
42193403,
42193643,
42194126,
42194420,
42194557,
42194762,
42195793,
42196276,
42197130,
42197385,
42197558,
42197965,
42198151,
42199218,
42199692,
42201267,
42201390,
42201420,
42202512,
42202778,
42204045,
42204080,
42204169,
42204254,
42204550,
42204662,
42204685,
42204980,
42205043,
42205813,
42206539,
42206697,
42207213,
42207216,
42207385,
42207422,
42207522,
42207875,
42207971,
42207972,
42208158,
42208432,
42208575,
42210376,
42210577,
42212063,
42212890,
42213230,
42213254,
42213310,
42213654,
42213980,
42213997,
42214129,
42214665,
42215242,
42215491,
42215733,
42216016,
42216281,
42216735,
42217616,
42217678,
42218294,
42218758,
42218794,
42218905,
42219158,
42219211,
42219287,
42219311,
42219562,
42220225,
42220719,
42221181,
42221183,
42221295,
42221812,
42221913,
42221934,
42222055,
42222205,
42222570,
42222627,
42222778,
42223372,
42224279,
42224449,
42224625,
42224757,
42224834,
42225014,
42225022,
42225451,
42225699,
42225762,
42226487,
42226870,
42227149,
42227355,
42227464,
42227567,
42227775,
42228034,
42228097,
42228510,
42230731,
42231579,
42231968,
42232050,
42232553,
42232755,
42233148,
42233657,
42233858,
42233869,
42234132,
42234421,
42234515,
42235112,
42235271,
42235466,
42236369,
42236577,
42237035,
42237989,
42238484,
42238758,
42238814,
42238840,
